No,Site Code,Site Name,Store Type,Region,Installed,Closure Date,VA Serial No,VA Firmware,Date Upgrade ,Loopback IP,LAN IP,Primary,Owner,Speed,Service ID / Serial No,Service No / MAC,Acount,Secondary,Owner,Service ID / Serial No,ATA IP,Serial No,MAC ID,DID 1,DID 2,Outlet Email Address,Service Address
1,FCGPO,Frederique Constant GPO,Frederique Constant,Pahang,07-Jun-2017,,00E0C8118D9F,image2 - LIS-15.00.76.000,,172.29.110.72,10.70.5.254,Metro-E,N'osairis,,,03-64368173,,3G - Digi,N'osairis,89601616102801026351,10.70.5.80,A40064762662,F4B549F1471E,03-92124926,03-92124927,fcgpo@fjbenjamin.com.my,"SUITE 128, HIGH STREET, GENTING PREMIUM OUTLETS, KM13, GENTING HIGHLANDS, 69000 PAHANG DARUL MAKMUR"
2,,FW HQ MAXIS,HQ (Backup0,Kuala Lumpur,,,,,,,,Maxis - Fiber,FJ Benjamin,300mbps,,03-23035065,1390402996,N/A,,,,,,,,,
3,,FW HQ TIME,HQ (Primary),Kuala Lumpur,,,,,,,,TIME,N'osairis,100mbps,,TBBN111884G,3.01629E+11,N/A,,,,,,,,,
4,GSAMIRI,Guess Acc Permaisuri Imperial City,Guess,Sarawak,21-Jun-2017,,00E0C81601C8,image2 - LIS-15.00.76.000,,172.29.110.61,10.10.29.254,TM - Streamyx,N'osairis,2mbps,guspicit@streamyx,085-410015,U60032-199-2905,3G - Digi,N'osairis,89601616102801069922,10.10.29.80,A40065297723,f4:b5:49:f1:79:30,082 262516,082 262517,gsamiri@fjbenjamin.com.my,"LOT GF16 GF IMPERIALMALL, JLN MERPATI, SARAWAK, 98000."
5,GSAJUSCOS2,Guess Acc.Seremban,Guess,Negeri Sembilan,29-May-2017,,00E0C8118D98,image1 - LIS-15.00.87.000rc19,,172.29.110.45,10.10.17.254,TM - Streamyx,N'osairis,2mbps,gueserem@streamyx,06-6011412 ,U60031-981-3602,3G - Celcom,N'osairis,8960191403646641078,10.10.17.80,A40065227103,f4:b5:49:f1:79:2c,06 6020 516,06 6020 517,gsajuscos2@fjbenjamin.com.my,"LOT G29, GF JUSCO SEREMBAN 2 SHOPPING CENTRE NO. 112, PERSIARAN S2 B1 SEREMBAN 2 70300 SEREMBAN, NEGERI SEMBILAN"
6,GSBKTG,Guess Bukit Tinggi,Guess,Pahang,10-Jun-2016,,00E0C8130245,image1 - LIS-15.00.76.000,,172.29.110.3,10.10.2.254,Maxis - Fiber,N'osairis,8mbps,,367186,2059083762,3G - Celcom,N'osairis,8960191309627504773,10.10.2.80,A40064798465,f4:b5:49:f1:47:12,03 3385 2249,03 3385 2250,gsbktg@fjbenjamin.com.my,"GROUND FLOOR LOT NO. 69, AEON BUKIT TINGGI, NO.1, PERSIARAN BATU NILAM 1/KS 6,"
7,GSPDVO,Guess Design Village,Guess,Penang,21-Nov-2016,,00E0C8130080,image1 - LIS-15.00.76.000,,172.29.110.11,10.10.6.254,TM - Unifi,N'osairis,30mbps,guessdv2016@unifbiz,04-5899228,1032173245,3G - Digi,N'osairis,89601615110400590025,10.10.6.80,A40065227529,f4:b5:49:f1:79:36,04 5410 514,04 5410 515,gspdvo@fjbenjamin.com.my,"LOT G-85B, DESIGN VILLAGE OUTLET MALL, NO. 733, JALAN CASSIA BARAT 2, 14110 BANDAR CASSIA, PENANG."
8,GSECM,Guess East Coast Mall,Guess,Pahang,29-May-2017,,00E0C8118D93,image2 - LIS-15.00.76.000,,172.29.110.54,10.10.25.254,Maxis - Fiber,N'osairis,8mbps,,413449,2113890038,3G - Maxis,N'osairis,8960011509305133997,10.10.25.80,A40065214365,f4:b5:49:f1:79:2f,09 5220 211,09 5220 212,gsecm@fjbenjamin.com.my,"LOT GF-62A, GROUND FLOOR,EAST COAST MALL, JALAN PUTRA SQUARE 6,PUTRA SQUARE,25200 KUANTAN, PAHANG."
9,GSGPO,Guess GPO (sharing with TLABGPO),Guess,Pahang,06-Jun-2017,,00E0C8150870,,,172.29.110.112,10.10.30.254,Metro-E,N'osairis,,, 03-6436 8163,,4G - Yes LTE,N'osairis,YESLB0101400 (nosairis064_1),10.10.30.80,A40064753507,f4:b5:49:f1:47:ce,03 9212 4930,03 9212 4931,gsgpo@fjbenjamin.com.my,"SUITE 402, HIGH STREET, GENTING PREMIUM OUTLETS, KM13, GENTING HIGHLANDS, 69000 PAHANG DARUL MAKMUR"
10,GSIMAGO,Guess Imago,Guess,Sabah,30-Jan-2018,,00E0C816044C,image2 - LIS-15.00.76.000,,172.29.110.60,10.10.28.254,TM - Unifi,N'osairis,10mbps,imago1@unifibiz,088-274902,1037235353,3G - Celcom,N'osairis,8960191403646640864,10.10.28.80,A40064765918,f4:b5:49:f1:47:9b,088 335 615,088 335 616,gsimago@fjbenjamin.com.my,"G-35C IMAGO KK TIMES SQUARE PHASE 2, OFF COASTAL HIGHWAY, 88100 KOTA KINABALU, SABAH"
11,GSIOI,Guess IOI City Mall,Guess,Kuala Lumpur,21-Sep-2016,,00E0C81302ED,image1 - LIS-15.00.76.000,,172.29.110.2,10.10.1.254,Maxis - Fiber,FJ Benjamin,8mbps,,237470,1819790039,3G - Celcom,N'osairis,8960191403646648305,10.10.1.197,A40065254819,f4:b5:49:f1:79:37,03 8684 2275,03 8684 2276,gsioi@fjbenjamin.com.my,"LOT NO. G 76-78, CITY MALL, LEBUH IRC, IOI CITY, PUTRAJAYA,, IOI RESORT, 62502 PUTRAJAYA, SELANGOR, MALAYSIA"
12,GSIPOH18,Guess Ipoh Station 18,Guess,Perak,09-Jun-2017,,00E0C8118D80,image2 - LIS-15.00.76.000,,172.29.110.51,10.10.23.254,TM - Streamyx,N'osairis,2mbps,gussta18@streamyx,05-3210599,U60032-119-4607,3G - Celcom,N'osairis,8960191403146877875,10.10.23.80,A40065210021,f4:b5:49:f1:79:51,05 2380 700,05 2380 701,gsipoh18@fjbenjamin.com.my,"LOT G37, GF, AEON IPOH STATION 18 SHOPPING CENTRE, NO 2, SUSURAN STATION 18, STATION 18, PERAK, 31650"
13,GSJPO,Guess JPO,Guess,Johor,15-Jun-2017,,00E0C81601BA,image2 - GIG-15.00.72.000,,172.29.110.81,10.10.32.254,TM - Unifi,FJ Benjamin,5mbps,guessjpo@unifibiz,07-5909294,1004519250,3G - Maxis,TNS,8960011706473926877,10.10.32.80,A40065239122,f4:b5:49:f1:79:3d,07-2132417,07-2132418,gsjpo@fjbenjamin.com.my,"532, JALAN PREMIUM OUTLETS, INDAHPURA, 81000, JOHOR, MALAYSIA"
14,BGUTAMA2,Guess Kid One Utama,Guess,Selangor,28-Feb-2017,,00E0C816037B,image2 - LIS-15.00.74.000,,172.29.110.25,10.10.11.254,TM - Unifi,N'osairis,10mbps,gueeskid1u@unifibiz,03-77318066,,3G - Maxis,N'osairis,8960011701433986756,10.10.11.80,A40054902382,f4:b5:49:f0:5d:e0,03 7890 3112,03 7890 3113,bgutama@fjbenjamin.com.my,"LOT S339, 2ND FLR ONE UTAMA SHOPPING CENTRE NO. 1 LEBUH BANDAR UTAMA BANDAR UTAMA DAMANSARA 47800 PETALING JAYA"
15,BGPAV,Guess Kid Pavillion,Guess,Kuala Lumpur,28-Feb-2017,,00E0C81308D4,image2 - LIS-15.00.76.000,,172.29.110.30,10.10.14.254,Maxis - Fiber,N'osairis,8mbps,,393791,2113890038,3G - Maxis,N'osairis,8960011506288857634,10.10.14.80,A40065283468,f4:b5:49:f1:79:35,03 9212 4442,03 9212 4443,bgpav@fjbenjamin.com.my,LOT 5.33 & 5.34 PAVILION JALAN BUKIT BINTANG 50250 KUALA LUMPUR
16,BGQBAY,Guess Kid Queensbay Mall,Guess,Penang,16-May-2017,,00E0C8118D9B,image1 - LIS-15.00.87.000rc19,,172.29.110.62,10.10.18.254,Maxis - Fiber,N'osairis,8mbps,,394839,2113890038,3G - Maxis,N'osairis,8960011509305134599,10.10.18.80,A40065218032,f4:b5:49:f1:79:3b,04 2022 113,04 2022 114,bgqbay@fjbenjamin.com.my,"LOT 2F-55 TO 2F-57 QUEENSBAY MALL, NO 100, PERSIARAN BAYAN INDAH, SG. NIBONG, 11900 BAYAN LEPAS, PENANG"
17,GSKBM,Guess Kota Bharu,Guess,Kelantan,04-Nov-2016,,00E0C81300EC,image2 - LIS-15.00.76.000,,172.29.110.4,10.10.4.254,TM - Unifi,FJ Benjamin,30mbps,fjbenjamin_kb@unifibiz,09-7405527,1030208787,3G - Maxis,N'osairis,8960011509305125597,10.10.4.80,A40065255404,f4:b5:49:f1:79:2a,09 7061502,09 7061503,gskbm@fjbenjamin.com.my,"GUESS BOUTIQUE@LOT G06, G FLOOR,KAMPUNG LEMBAH SIREH, 15050 KOTA BHARU, KELANTAN, MALAYSIA"
18,GSMITSUI,Guess Mitsui,Guess,Selangor,03-Oct-2017,,00E0C8130156,image1 - LIS-15.00.76.000,,172.29.110.16,10.10.7.254,TIME,FJ Benjamin,6mbps,TBBN036333V,fjbenjamin@timebb ,2.01365E+13,3G - Maxis,N'osairis,8960011411223127807,10.10.7.80,A40054935499,f4:b5:49:f0:5d:70,03 8703 2170,03 8703 2171,gsmitsui@fjbenjamin.com.my,"LOT NO. G-35 & G-36 NO F47, TINGKAT 1, MITSUI OUTLET PARK KLIA PERSIARAN KOMERSIAL 64000 KLIA, SELANGOR DARUL EHSAN"
19,GSUTAMA2,Guess One Utama,Guess,Selangor,28-Feb-2017,,00E0C8118D90,image1 - LIS-15.00.87.000rc19,28/4/2020,172.29.110.27,10.10.12.254,Maxis - Fiber,N'osairis,8mbps,,394827,2113890038,3G - Digi,N'osairis,89601616102801026336,10.10.12.80,A40054992795,f4:b5:49:f0:5d:fc,03 7890 3114,03 7890 3115,gsutama2@fjbenjamin.com.my,"LOT G348, 349 & 350, GF ONE UTAMA SHOPPING CENTRE NO. 1 LEBUH BANDAR UTAMA BANDAR UTAMA DAMANSARA 47800 PETALING JAYA"
20,GSPAV,Guess Pavillion,Guess,Kuala Lumpur,27-Feb-2017,,00E0C8130148,image1 - LIS-15.00.87.000rc19,,172.29.110.29,10.10.15.254,Maxis - Fiber,N'osairis,8mbps,,395454,2113890038,3G - Celcom,N'osairis,8960191601140190274,10.10.15.80,A40054940820,f4:b5:49:f0:5d:d4,03 9212 4454,03 9212 4455,gspav@fjbenjamin.com.my,"LOT 4.46.02, 4.47.00 & 4.49.00, LEVEL 4 PAVILION KUALA LUMPUR NO. 168, JALAN BUKIT BINTANG 55100 KUALA LUMPUR"
21,GSQBAY,Guess Queensbay Mall,Guess,Penang,26-May-2017,,00E0C8118D8C,image2 - LIS-15.00.76.000,,172.29.110.63,10.10.19.254,TM - Unifi,N'osairis,30mbps,guessqueensbay@unifibiz,04-6110069,1033662188,3G - Maxis,N'osairis,8960011509305134805,10.10.19.80,A40065263004,f4:b5:49:f1:79:22,04 2022 115,04 2022 116,"gsqbay@fjbenjamin.com,my","LOT GF-66 TO GF-68, QUEENSBAY MALL, NO 100, PERSIARAN BAYAN INDAH, SG. NIBONG, 11900 BAYAN LEPAS, PENANG"
22,GSKLCC,Guess Suria KLCC,Guess,Kuala Lumpur,02-Nov-2016,,00E0C81302C2,image1 - LIS-15.00.87.000rc19,,172.29.110.9,10.10.3.254,Maxis - Fiber,FJ Benjamin,8mbps,,517287,2166949764,3G - Celcom,N'osairis,8960191601140190175,10.10.3.80,A40064715874,f4:b5:49:f1:47:3e,03 9212 4432,03 9212 4433,gsklcc@fjebenjamin.com.my,"GUESS BOUTIQUE@LOT 125 & 126, 1ST FLOOR, SURIA KLCC KUALA LUMPUR CITY CENTRE, 50088 KUALA LUMPUR"
23,GSTEBRAU,Guess Tebrau City,Guess,Johor,25-Oct-2016,,00E0C8130250,image1 - LIS-15.00.76.000,,172.29.110.8,10.10.5.254,TM - Streamyx,N'osairis,2mbps,guesstcy@streamyx,07-3518426,U60030-314-0101,3G - Maxis,N'osairis,8960011509305134045,10.10.5.151,A40071603095,f4:b5:49:f1:af:9f,07-2132425,07-2132426,gstebrau@fjbenjamin.com.my,"GUESS BOUTIQUE@LOT G16, GROUND FLOOR, AEON MALL TEBRAU CITY, NO 1, JALAN DESA TEBRAU, TAMAN DESA TEBRAU, 81100 JOHOR BAHRU, JOHOR"
24,GSGDN,Guess The Garden,Guess,Kuala Lumpur,05-Nov-2018,,00E0C8118DC8,image2 - LIS-15.00.76.000,,172.29.110.41,10.10.13.254,Maxis - Fiber,N'osairis,8mbps,,393732,2113890038,4G - Maxis,N'osairis,8960011706473573208,,"A40065253712
A40065293800","F4B549F1792E
F4B549F1793F","03 92124468
03 92124469","03 92120873
03 92120874",gsgdn@fjbenjamin.com.my,"LOT F-241 TO F-243, FIRST FLOOR, THE GARDENS MID VALLEY CITY LINGKARAN SYED PUTRA 59200 KUALA LUMPUR"
25,LSEMPIRE,LaSenza Empire Subang,La Senza,Selangor,05-Jul-2017,,00E0C8160228,image2 - LIS-15.00.76.000,,172.29.110.80,10.20.11.254,TIME,N'osairis,20mbps,TBBN108015G,uthaya@nosairis.com,2.91817E+11,3G - Maxis,N'osairis,8960011703444621208,10.20.11.80,A40071695523,f4:b5:49:f1:b1:13,03 8084 2327,03 8084 2328,lsempire@fjbenjamin.com.my,"LOT G03A & G05, GROUND FLOOR, EMPIRE SHOPPING GALLERY, JLN 16/1, 47500 SUBANG JAYA, SELANGOR"
26,LSJPO,LaSenza JPO,La Senza,Johor,15-May-2017,,00E0C8118D83,image2 - LIS-15.00.76.000,,172.29.110.82,10.20.12.254,TM - Unifi,FJ Benjamin,5mbps,lasenzajpo@unifibiz,07-5909275,1004522064,3G - Maxis,N'osairis,8960011701433986780,10.20.12.80,A40064726636,f4:b5:49:f1:47:46,07-2132419,07-2132420,lsjpo@fjbenjamin.com.my,"426, JOHOR PREMIUM OUTLETS, JALAN PREMIUM OUTLETS, INDAHPURA, 81000, JOHOR"
27,LSKLCC,LaSenza KLCC,La Senza,Kuala Lumpur,25-Apr-2017,,00E0C8118DB8,image2 - LIS-15.00.76.000,,172.29.110.36,10.20.5.254,Maxis - Fiber,N'osairis,8mbps,,393813,2113890038,3G - Maxis,N'osairis,8960011509305127239,10.20.5.80,A40065260805,f4:b5:49:f1:79:47,03 9212 4440,03 9212 4441,lsklcc@fjbenjamin.com.my,"LOT C29, CONCOURSE FLOOR SURIA KLCC KUALA LUMPUR CITY CENTER 50088 KUALA LUMPUR"
28,LSMIDVLY,LaSenza Midvalley,La Senza,Kuala Lumpur,25-Apr-2017,,00E0C8118D8B,image1 - LIS-15.00.87.000rc19,,172.29.110.68,10.20.4.254,Maxis - Fiber,N'osairis,8mbps,,396956,2009043965,3G - Celcom,N'osairis,8960191403646648321,10.20.4.80,A40065211805,f4:b5:49:f1:79:45,03 9212 4464,03 9212 4465,lsmidvly@fjbenjamin.com.my,"LOT F-066, FIRST FLR MID VALLEY MEGAMALL MID VALLEY CITY LINGKARAN SYED PUTRA 59200 KUALA LUMPUR"
29,LSUTAMA,LaSenza One Utama,La Senza,Selangor,28-Feb-2017,,00E0C8118DA4,image2 - LIS-15.00.76.000,,172.29.110.24,10.20.3.254,TM - Unifi,N'osairis,10mbps,lasenza1utama@unifibiz,03-77319343,,3G - Digi,N'osairis,89601615110400590041,10.20.3.80,A40054982413,f4:b5:49:f0:5d:db,03 7890 3116,03 7890 3117,lsutama@fjbenjamin.com.my,"F345, 1ST FLR ONE UTAMA SHOPPING CENTER NO.1 LEBUH BANDAR UTAMA BANDAR UTAMA DAMANSARA 47800 PETALING JAYA"
30,LSPAV,LaSenza Pavilion,La Senza,Kuala Lumpur,15-Mar-2017,,00E0C81308B3,image1 - LIS-15.00.76.000,,172.29.110.31,10.20.6.254,Maxis - Fiber,N'osairis,8mbps,,393777,2113890038,3G - Maxis,N'osairis,8960011502252274914,10.20.6.80,A40065216345,f4:b5:49:f1:79:28,03 9212 4444,03 9212 4445,lspav@fjbenjamin.com.my,"LOT 4.06, LEVEL 4 PAVILION JALAN BUKIT BINTANG 50250 KUALA LUMPUR"
31,LSQBAY,LaSenza Queensbay Mall,La Senza,Penang,26-May-2017,,00E0C8118D88,image2 - LIS-15.00.76.000,,172.29.110.64,10.20.7.254,TM - Unifi,N'osairis,30mbps,lasenzaqueensbay@unifibiz,04-6116024,1033038132,3G - Celcom,N'osairis,8960191601140264202,10.20.7.80,A40065255577,f4:b5:49:f1:79:4f,04 2022 117,04 2022 118,lsqbay@fjbenjamin.com.my,"LOT 79, GF QUEENSBAY MALL, PERSIARAN BAYAN INDAH, SG. NIBONG, 11900 BAYAN LEPAS, PENANG"
32,LSSETIA,LaSenza Setia City Mall,La Senza,Selangor,28-Feb-2017,,00E0C8118DC3,image1 - LIS-15.00.87.000rc19,,172.29.110.18,10.20.1.254,TM - Unifi,FJ Benjamin,5mbps,issetiaa@unifibiz,03-33582104,1008191460,3G - Celcom,N'osairis,8960191403646648263,10.20.1.80,A40054996971,f4:b5:49:f0:5d:c3,03 5870 2551,03 5870 2552,lssetia@fjbenjamin.com.my,"UG-41 SETIA CITY MALL, SETIA CITY MALL, NO.7, PERSIARAN SETIA DAGANG, BANDAR SETIA ALAM, SEKSYEN U13, 40170 SHAH ALAM,"
33,LSSKYAVE,LaSenza Sky Avenue,La Senza,Pahang,28-Sep-2018,,00E0C813030E,image1 - LIS-15.00.76.000,,172.29.110.85,10.20.13.254,TM - Streamyx,N'osairis,2mbps,lasenza1@streamyx,03-61011533,,3G - Celcom,N'osairis,8960191403646640757,10.20.13.80,A40071691895,F4B549F1AF8E,60392124478,60392124479,lssky@fjbenjamin.com.my,"T2A-40, LEVEL T2A ,SKY AVENUE, GENTING HIGHLANDS RESORT, GENTING HIGHLANDS, 69000 GENTING HIGHLANDS, PAHANG"
34,LSIPOH18,LaSenza Station 18,La Senza,Perak,09-Jun-2017,,00E0C8118DB3,image2 - LIS-15.00.76.000,,172.29.110.52,10.20.8.254,TM - Streamyx,N'osairis,2mbps,senza18@streamyx,05-3211276,U60032-119-7702,3G - Celcom,N'osairis,8960191403146877867,10.20.8.80,A40065223537,f4:b5:49:f1:79:1c,05 2380 702,05 2380 703,lsipoh18@fjbenjamin.com.my,"LOT G38, GROUND FLOOR, AEON IPOH STATION 18 SHOPPING CENTRE, NO.2, SUSURAN STESEN 18, STESEN 18 31650 IPOH, PERAK"
35,LSSUNWAY,LaSenza Sunway Pyramid,La Senza,Selangor,27-Feb-2017,,00E0C8130229,image2 - LIS-15.00.76.000,,172.29.110.22,10.20.2.254,Maxis - Fiber,N'osairis,8mbps,,393820,2113890038,3G - Digi,N'osairis,89601618031400053573,10.20.2.80,A40054925330,f4:b5:49:f0:5d:dc,03 7890 3104,03 7890 3105,lssunway@fjbenjamin.com.my,"LOT G1.50 GROUND FLOOR SUNWAY PYRAMID SHOPPING MALL NO.3 JLN PJS 11/15 BANDAR SUNWAY 46150, PETALING JAYA, SELANGOR"
36,LSVELO,LaSenza Sunway Velocity,La Senza,Selangor,28-Jul-2017,,00E0C8160196,image2 - LIS-15.00.76.000,,172.29.110.69,10.20.10.254,TIME,N'osairis,20mbps,TBBN107720G,uthaya@nosairis.com,2.91471E+11,3G - Celcom,N'osairis,8960191403646641045,10.20.10.80,A40071600552,f4:b5:49:f1:af:99,03-92124474,03-92124475,lsvelo@fjbenjamin.com.my,"LOT G-49, GROUND FLOOR, SUNWAY VELOCITY MALL, NO. 80, JALAN CHERAS, MALURI, 55100 KUALA LUMPUR"
37,LSSPRING,LaSenza The Spring,La Senza,Sarawak,19-Jun-2017,,00E0C81601B6,image2 - LIS-15.00.76.000,,172.29.110.57,10.20.9.254,TM - Streamyx,N'osairis,2mbps,thespr99@streamyx,08-2230500,U60032-676-7006,3G - Digi,N'osairis,89601617121500017031,10.20.9.80,A40065279627,f4:b5:49:f1:79:21,082 262512,082 262513,lsspring@fjbenjamin.com.my,"LOT G19, GROUND FLOOR, THE SPRING SHOPPING MALL, JALAN SIMPANG TIGA, 93300 KUCHING, SARAWAK"
38,MJSKY,Marc Jacob Genting,Marc Jacob,Pahang,27-Jun-2018,,00E0C8160433,image2 - LIS-15.00.76.000,,172.29.110.14,10.60.10.254,TM - Streamyx,N'osairis,2mbps,mjskygt@streamyx,03-61011063,,3G - Maxis,N'osairis,8960011506288849490,10.60.10.52,A40065264425,F4B549F1793C,03 9212 0876,03 9212 0875,marcjacobs.klcc@fjbenjamin.com.my,"T2A-16C, LEVEL T2A, SKY AVENUE, GENTING HIGHLANDS RESORT, GENTING HIGHLANDS, 69000 GENTING HIGHLANDS, PAHANG"
39,MJKLCC,Marc Jacob KLCC,Marc Jacob,Kuala Lumpur,13-Dec-2016,,00E0C813020E,image2 - LIS-15.00.87.000rc19,,172.29.110.15,10.60.3.254,YES - 4G LTE,N'osairis,8mbps,YESLB0101404,,nosairis062_1@yes.my,3G - Digi,N'osairis,89601616102801069997,10.60.3.80,A40065206719,f4:b5:49:f1:79:46,03 9212 4434,03 9212 4435,marcjacobs.klcc@fjbenjamin.com.my,"Ampang Rotunda Ground (AR-G),Ampang Mall Entrance, Suria KLCC."
40,PBKLCC,Pretty Ballerinas KLCC,Pretty Ballerinas,Kuala Lumpur,04-Jul-2017,,00E0C816022B,image2 - LIS-15.00.76.000,,172.29.110.73,10.60.8.254,TM - Unifi,N'osairis,10mbps,prettyballerinasklcc@unifibiz,03-21813157,1033107390,3G - Maxis,N'osairis,8960011701434062466,10.60.8.80,A40071602666,f4:b5:49:f1:af:e3,03 9212 4436,03 9212 4437,pbklcc@fjbenjamin.com.my,"LOT 122, FIRST FLOOR, SURIA KLCC, KUALA LUMPUR CITY CENTRE, 50088 KUALA LUMPUR"
41,PBGARDENS,Pretty Ballerinas The Garden,Pretty Ballerinas,Kuala Lumpur,03-Mar-2017,,00E0C813029E,image2 - LIS-15.00.87.000rc19,,172.29.110.34,10.60.5.254,TM - Unifi,N'osairis,30mbps,ballerinasgardens@unifibiz,03-22014816,1032858696,3G - Celcom,N'osairis,8960191403646302580,10.60.5.80,A40053831979,f4:b5:49:f0:2e:4d,03 9212 4458,03 9212 4459,pbgardens@fjbenjamin.com.my,"LOT NO. F225A, TINGKAT 1, THE GARDENS, MIDVALLEY CITY, LINGKARAN SYED PUTRA, 59200 KUALA LUMPUR"
42,RMKLCC,Rebecca Minkoff KLCC,Rebecca Minkoff,Kuala Lumpur,04-Jul-2017,,00E0C8130056,image2 - LIS-15.00.87.000rc19,,172.29.110.74,10.60.9.254,TM - Unifi,N'osairis,10mbps,minkoffklcc1@unifibiz,03-21813736,1009106277,3G - Maxis,N'osairis,8960011701434062458,10.60.9.80,A40071632594,f4:b5:49:f1:b0:18,03 9212 4438,03 9212 4439,rmklcc@fjbenjamin.com.my,"LOT 123, FIRST FLOOR, SURIA KLCC, KUALA LUMPUR CITY CENTRE, 50088 KUALA LUMPUR"
43,SDPDV,SuperDry Design Village,SuperDry,Penang,21-Nov-2016,,00E0C81302CD,image1 - LIS-15.00.76.000,,172.29.110.13,10.50.2.254,TM - Unifi,N'osairis,10mbps,superdrydvillage@unifibiz,04-5899097,1032056432,3G - Digi,N'osairis,89601613090261948060,10.50.2.80,A40065238701,f4:b5:49:f1:79:20,04 5410 510,04 5410 511,sdpdv@fjbenjamin.com.my,"LOT G120B, DESIGN VILLAGE OUTLET MALL, NO. 733, JALAN CASSIA BARAT 2, 14110 BANDAR CASSIA, PENANG."
44,SDGPO,SuperDry GPO (sharing with TLABGPO),SuperDry,Pahang,06-Jun-2017,,00E0C8150870,,,172.29.110.113,10.10.30.254,Metro-E,N'osairis,,, 03-6436 8163,,4G - Yes LTE,N'osairis,YESLB0101400 (nosairis064_1),10.50.8.80,A40065203781,f4:b5:49:f1:79:27,03 9212 4932,03 9212 4933,sdgpo@fjbenjamin.com.my,"SUITE 402, HIGH STREET, GENTING PREMIUM OUTLETS, KM13, GENTING HIGHLANDS, 69000 PAHANG DARUL MAKMUR"
45,SDGURNEY,SuperDry Gurney Plaza,SuperDry,Penang,26-May-2017,,00E0C8118D7B,image2 - LIS-15.00.76.000,,172.29.110.47,10.50.6.254,TIME,N'osairis,20mbps,TBBN103822G,ulthaya@nosairis.com,2.81718E+11,3G - Maxis,N'osairis,8960011509305134607,10.50.6.80,A40065255044,f4:b5:49:f1:79:34,04 2022 123,04 2022 124,sdgurney@fjbenjamin.com.my,"NO. 170G-68/69, GROUND FLOOR PLAZA GURNEY, PERSIARAN GURNEY, 10250 PULAU PINANG"
46,SDMIDVLY,SuperDry Midvalley,SuperDry,Kuala Lumpur,21-Apr-2017,,00E0C81603DE,image1 - LIS-15.00.76.000,,172.29.110.35,10.50.4.254,TM - Unifi,N'osairis,10mbps,elements@unifibiz,03-56115084,,3G - Celcom,N'osairis,8960191111319944774,10.50.4.80,A40065210902,f4:b5:49:f1:79:42,03 9212 4466,03 9212 4467,sdmidvly@fjbenjamin.com.my,"LOT G034, GROUND FLOOR, MID VALLEY MEGAMALL, MID VALLEY CITY, LINGKARAN SYED PUTRA, 59200 KUALA LUMPUR"
47,SDMSO,SuperDry Mitsui (sharing with GSMITSUI),SuperDry,Selangor,03-Oct-2017,,00E0C8130156,,,172.29.110.16,10.10.7.254,TIME,FJ Benjamin,6mbps,TBBN036333V,fjbenjamin@timebb ,2.01365E+13,3G - Maxis,N'osairis,8960011411223127807,10.10.7.81,A40054903874,f4:b5:49:f0:5d:ec,03 8703 2174,03 8703 2175,sdmso@fjbenjamin.com.my,"LOT NO. G-38 NO F47, TINGKAT 1, MITSUI OUTLET PARK KLIA PERSIARAN KOMERSIAL 64000 KLIA, SELANGOR DARUL EHSAN"
48,SDPAV,SuperDry Pavilion,SuperDry,Kuala Lumpur,14-Mar-2017,,00E0C81300C8,image2 - LIS-15.00.76.000,,172.29.110.33,10.50.5.254,Maxis - Fiber,N'osairis,8mbps,,393738,2113890038,3G - Celcom,N'osairis,8960191309627494983,10.50.5.80,A40065268138,f4:b5:49:f1:79:31,03 9212 4448,03 9212 4449,sdpav@fjbenjamin.com.my,"LOT P4.03.00, LEVEL 4 PAVILION KUALA LUMPUR 168 JALAN BUKIT BINTANG 55100 KUALA LUMPUR"
49,SDSKSZ,SuperDry Southkey Sogo,SuperDry,Johor Bharu,15-Aug-2019,,00E0C816019B,image1 - LIS-15.00.76.000,,172.29.110.91,10.50.11.254,Digi - 3G,N'osairis,,89601615110400585140,,,4G - Maxis,N'osairis,8960011706473573349,n/a,n/a,n/a,n/a,n/a,sdsk@fjbenjamin.com.my,"SUPERDRY, SOGO SOUTHKEY, JOHOR BAHRU SOGO AT SOUTHKEY, 1F, JALAN BAKAR BATU, 81100 JOHOR BAHRU, JOHOR, MALAYSIA"
50,SDSUNWAY,SuperDry Sunway Pyramid,SuperDry,Selangor,27-Feb-2017,,00E0C8130248,image2 - LIS-15.00.87.000rc19,,172.29.110.23,10.50.3.254,Maxis - Fiber,N'osairis,8mbps,,393825,2113890038,3G - Digi,TNS,89601616102801026716,10.50.3.80,A40054977715,f4:b5:49:f0:5d:cb,03 7890 3106,03 7890 3107,sdsunway@fjbenjamin.com.my,"LOT G1.65 & G1.66, GROUND FLOOR SUNWAY PYRAMID NO.3. JALAN PJS 11/15 BANDAR SUNWAY 46150 PETALING JAYA, SELANGOR"
51,SDVELO,SuperDry Sunway Velocity,SuperDry,Kuala Lumpur,16-Jun-2017,,00E0C8160461,image1 - LIS-15.00.87.000rc19,4/3/2020,172.29.110.90,10.50.9.254,TIME,N'osairis,20mbps,TBBN107281G,ulthaya@nosairis.com,2.90971E+11,3G - Celcom,N'osairis,8960191601140264228,10.50.9.80,A40065248398,F4B549F17950,03 9212 4470,03 9212 4471,sdvelo@fjbenjamin.com.my,"LINGKARAN SV, SUNWAY VELOCITY, JALAN CHERAS, MALURI, 55100 KUALA LUMPUR, WILAYAH PERSEKUTUAN KUALA LUMPUR"
52,SDSURIA,SuperDry Suria Sabah,SuperDry,Sabah,05-Dec-2018,,00E0C8118D87,image1 - LIS-15.00.76.000,,172.29.110.32,10.50.10.254,Maxis - Fiber,N'osairis,30mbps,,602226,,3G - Celcom,N'osairis,8960191601140672180,10.50.10.66,A40073512669,,6088335740,6088335741,sdsuria@fjbenjamin.com.my,"LOT G77 & G12, SURIA SABAH, 1 JALAN TUN FUAD STEPHENS, 88000 KOTA KINABALU, SABAH, MALAYSIA"
53,SDTCM,SuperDry Tebrau City JB,SuperDry,Johor,15-Jan-2017,,00E0C816032E,image1 - LIS-15.00.76.000,,172.29.110.7,10.50.1.254,TM - Streamyx,N'osairis,2mbps,superteb@streamyx,07-3515043,U60031-032-6210,3G - Celcom,N'osairis,8960191403646302671,10.50.1.80,A40065222647,f4:b5:49:f1:79:2b,07-2132427,07-2132428,sdtcm@fjbenjamin.com.my,"LOT G50, GROUND FLOOR, AEON MALL TEBRAU CITY, NO 1, JALAN DESA TEBRAU, TAMAN DESA TEBRAU, 81100 JOHOR BAHRU, JOHOR"
54,TLABGPO,TimeLab GPO,TimeLab,Pahang,06-Jun-2017,,00E0C8150870,image2 - VIE-16.00.84.001,,172.29.110.111,10.10.30.254,Metro-E,N'osairis,,, 03-6436 8163,,4G - Yes LTE,N'osairis,YESLB0101400 (nosairis064_1),10.70.6.80,A40065248646,f4:b5:49:f1:79:3e,03 9212 4928,03 9212 4929,tlabgpo@fjbenjamin.com.my,"SUITE 402, HIGH STREET, GENTING PREMIUM OUTLETS, KM13, GENTING HIGHLANDS, 69000 PAHANG DARUL MAKMUR"
55,TLABMOP,TimeLab Mitsui,TimeLab,Selangor,09-Mar-2017,,00E0C8160480,image1 - LIS-15.00.76.000,,172.29.110.17,10.70.2.254,TIME,FJ Benjamin,6mbps,TBBN033996V,oclian@timebb,1.98096E+13,3G - Maxis,N'osairis,8960011502252274971,10.70.2.80,A40054914459,f4:b5:49:f0:5d:c8,03 8703 2172,03 8703 2173,tlabmop@fjbenjamin.com.my,"LOT NO. G-09 NO F47, TINGKAT 1,MITSUI OUTLET PARK KLIA PERSIARAN KOMERSIAL 64000 KLIA, SELANGOR DARUL"
56,USPAEASTCM,US Polo Assn (USPA) East Coast Mall,USPA,Kuantan,22-Nov-2018,,00E0C816019B,image2 - LIS-15.00.76.000,,172.29.110.37,10.80.5.254,TM - Unifi,N'osairis,10mbps,watchengineavenuek@unifibiz,09-5133436,,3G - Maxis,N'osairis,8960011706473498380,10.80.5.112,A40071608524,F4B549F1AF9A,03 9212 4340,03 9212 4341,uspaecm@fjbenjamin.com.my,"LOT G29, GROUND FLOOR, EAST COAST MALL, JALAN PUTRA SQUARE 6, PUTRA SQUARE, 25200 KUANTAN PAHANG"
57,USPAJPO,US Polo Assn (USPA) JPO,USPA,Johor,08-Nov-2018,,00E0C8130276,image2 - LIS-15.00.76.000,,172.29.110.87,10.80.4.254,Digi - 3G,N'osairis,5GB,89601613090261195324,,,3G - Celcom,N'osairis,8960191601140672198,n/a,n/a,n/a,n/a,n/a,uspajpo@fjbenjamin.com.my,"1104, LOW STREET, JOHOR PREMIUM OUTLETS, JALAN PREMIUM OUTLETS, INDAHPURA, 81000 KULAIJAYA, JOHOR"
58,USPAAEONKC,US Polo Assn (USPA) Kuching,USPA,Kuching,06-Jun-2018,,00E0C8160483,image2 - LIS-15.00.76.000,,172.29.110.39,10.80.3.254,TM - Unifi,N'osairis,10mbps,uspakuching@unifibiz,08-2237428,,3G - Celcom,N'osairis,8960191612915024655,10.80.3.80,A40065292309,f4:b5:49:f1:79:38,082 268300,082 268301,uspaaeonkc@fjbenjamin.com.my,"AEON MALL KUCHING CENTRAL NO 88, JALAN DATUK PATINGGI, HAJI AHMAD ZAIDI ADRUCE,93200 KUCHING,SARAWAK."
59,USPAMLWATI,US Polo Assn (USPA) Melawati,USPA,Selangor,09-Nov-2017,,00E0C8160245,image1 - LIS-15.00.87.000rc19,,172.29.110.40,10.80.2.254,TM - Unifi,N'osairis,10mbps,melawati001@unifibiz,03-41019887,,3G - Celcom,N'osairis,8960191309627547723,10.80.2.80,A40064777842,f4:b5:49:f1:47:9c,03-9212 8450,03-9212 8451,uspamlwati@fjbenjamin.com.my,"GF-24, GROUND FLOOR, MELAWATI MALL,335, JALAM BANDAR MELAWATI, PUSAT BANDAR MELAWATI, 53100 KUALA LUMPUR."
