,Store Code,Site Name,Store Type,TNS Link ID,TNS Name Portal,Region,Installed,Closure Date,Router Serial No,Primary,Owner,Speed,Service ID / Serial No,Service No / MAC,Account ,Secondary,Owner,Service ID / Serial No,Service No / MAC,Account,Router IP Address ,LAN Core IP ,Switch Model,Switch Serial No,Phone 1,Phone 2,Phone 3,Phone 4,Phone 5,Phone 6,Service Address
1,37,ABG Alor Setar,Aeon BIG,vxmb00029v,ABG_Alorsetar,Kedah,26-Oct-16,,FGL204023KS,TM - Unifi,Vinx,30mbps,abg_alorstar@unifibiz,04-7308671,,4G - YES LTE ,N'osairis,YESLB0122849,8.96015E+18,01117185987@YES.MY,10.31.5.1,10.122.39.254,,,,,,,,,"No. 99 Jalan Gangsa, 05150 Alor Setar, Kedah"
2,23,ABG Ampang,Aeon BIG,vxma00027v,ABG_Ampang,Selangor,14-Oct-16,,FGL204023HV,TM - Unifi,Vinx,30mbps,abg_ampang@unifibiz,03-42853652,114425051,4G - YES LTE ,N'osairis,YESLB0123037,8.96015E+18,01117185980@YES.MY,10.12.5.1,10.168.7.254,,,,,,,,,"Lot 613 Taman Dagang Permai Mukim Ampang 68000 Ampang, Selangor"
3,20,ABG Batu Pahat,Aeon BIG,vxmb00022v,ABG_Batupahat,Johor,17-Oct-16,,FGL204023GY,TM - Unifi,Vinx,20mbps,abg_batupahat@unifibiz,07-4393114,1031610593,4G - YES LTE ,N'osairis,YESLB0122840,8.96015E+18,01117192327@YES.MY,10.10.5.1,10.150.199.254,,,,,,,,,"No 1B, Jalan Persiaran Flora Utama, Taman Flora Utama, 83000 Batu Pahat, Johor Darul Takzim"
4,33,ABG Bukit Minyak,Aeon BIG,vxmb00027v,ABG_Bukitminyak,Penang,24-Oct-16,,FGL204023L0,TM - Unifi,Vinx,30mbps,abg_bminyak@unifibiz,04-5059235,,4G - YES LTE ,N'osairis,YESLB0122842,8.96015E+18,01117192328@YES.MY,10.23.5.1,10.168.167.254,,,,,,,,,"No 1,Tingkat Bukit Minyak 9, Taman Bukit Minyak, 14000 Bukit Mertajam, Penang."
5,30,ABG Bukit Rimau,Aeon BIG,vxmb00020v,ABG_Bukitrimau,Selangor,11-Oct-16,,FGL204023HQ,TM - Unifi,Vinx,300mbps, abg_bukitrimau1@unifibiz,03-51318974,1040623934,4G - YES LTE ,N'osairis,YESZA0163676,8.96015E+18,01117192336@YES.MY,10.22.5.1,10.168.151.254,,,,,,,,,"NO.2, Jalan Sungai Burung 32/68. Seksyen 32 40460, Shah Alam, Selangor"
6,39,ABG Danau Kota,Aeon BIG,vxma00082v,ABG_DanauKota,Kuala Lumpur,1-Nov-18,,FGL221392JL,TM - UniFi ,Vinx,30Mbps,abg_danaukota@unifibiz,60341318310,1041414846,3G - Maxis,N'osairis,8.96001E+18,30GB,,10.14.5.1,,,,,,,,,,"AEONBIG Danau Kota, Store Management Office,Mezzanine Floor, LOT PT9834,Jalan Langkawi, Taman Danau Kota,Setapak, Kuala Lumpur."
7,38,ABG Falim,Aeon BIG,vxmb00026v,ABG_Falim,Perak,21-Oct-16,,FGL204023GS,TM - Unifi,Vinx,300mbps,abg_falim1@unifibiz,05-2810392,1040623777,4G - YES LTE ,N'osairis,YESLB0122850,8.96015E+18,01117186015@YES.MY,10.32.5.1,10.122.47.254,,,,,,,,,"No. 1, Hala Falim 1, Taman Mas Jaya, Falim, 30200 Ipoh Perak"
8,40,ABG Jaya One,Aeon BIG,vxma00103v,0040_ABG_JayaOne,Selangor,6-Feb-20,,FGL225013BR,TM Unifi,Vinx,30mbps,abg_jnoe@unifibiz,60379322201,,3G - Digi,TNS,8.96016E+19,,,10.7.5.1/24,,,,,,,,,,"100-P2.001, Block J, The School, Jaya One, 46200 Petaling Jaya, Selangor. "
9,19,ABG Kepong,Aeon BIG,vxma00020v,,Kuala Lumpur,5-Oct-16,,FGL204023K1,TM - Unifi,Vinx,20mbps,abg_kepong@unifibiz,03-61794615,1031262411,4G - YES LTE ,N'osairis,YESLB0122832,8.96015E+18,01117192317@YES.MY,10.9.5.1,10.150.151.254,,,,,,,,,"No.2, Jalan Metro Perdana, Taman Usahawan Kepong, 52100 Kuala Lumpur."
10,21,ABG Klang,Aeon BIG,vxmb00019v,ABG_Klang,Selangor,10-Oct-16,,FGL204023HF,TM - Unifi,Vinx,30mbps,abg_klang@unifibiz,60333582790,,4G - YES LTE ,N'osairis,YESLB0122841,8.96015E+18,01117193976@YES.MY,10.11.5.1,10.150.215.254,,,,,,,,,"No.2, Jalan Harmoni 3/KU3, Sungai Pinang, 41000 Klang, Selangor Darul Ehsan"
11,34,ABG Kluang,Aeon BIG,vxmb00023v,ABG_Kluang,Johor,18-Oct-16,,FGL204023H9,TM - Unifi,Vinx,30mbps,abg_kluang@unifibiz,07-7785704,1044890299,4G - YES LTE ,N'osairis,YESLB0122768,8.96015E+18,01117192326@YES.MY,10.28.5.1,10.168.188.254,,,,,,,,,"Lot 1284 Mukim Kluang, Daerah Kluang, 86000 Johor Darul Takzim"
12,24,ABG Kuantan,Aeon BIG,vxmb00025v,ABG_Kuantam,Pahang,20-Oct-16,,FGL204023L6,TM - Unifi,Vinx,10mbps,aeonecm01@unifibiz,09-5132286,1044925103,4G - YES LTE ,N'osairis,YESLB0122833,8.96015E+18,01117112381@YES.MY,10.13.5.1,10.150.247.254,,,,,,,,,"Level 1 & 2 East Coast Mall Jalan Putra Square 6, Putra Square 25200 Kuantan, Pahang Darul Makmur"
13,16,ABG Midvalley,Aeon BIG,vxma00018v,ABG_Midvalley,Kuala Lumpur,26-Oct-16,,FGL204023HW,TM - Unifi,Vinx,20mbps,abg_midvalley@unifbiz,03-22014524,1031663238,Macrolynx Fibre (15mbps),N'osairis,,,C210174 MLX,10.6.5.1,10.150.87.254,,,,,,,,,"AT1 Mid Valley Megamall, Mid Valley City, 58000 Kuala Lumpur."
14,32,ABG Puchong,Aeon BIG,vxma00023v,ABG_Puchong,Selangor,11-Oct-16,,FGL204023JK,TM - Unifi,Vinx,30mbps,abg_puchong@unifibiz,380663646,1044886982,4G - YES LTE ,N'osairis,YESLB0122844,8.96015E+18,01117192287@YES.MY,10.25.5.1,10.168.215.254,,,,,,,,,"AEON BiG Shopping Centre Puchong Utama, Lot 4029, Persiaran Puchong Utama, 47100 Puchong, Selangor Darul Ehsan."
15,18,ABG Putrajaya,Aeon BIG,vxmb00021v,ABG_Putrajaya,Selangor,27-Oct-16,,FGL204023HP,TM - Unifi,Vinx,30mbps,aeonputrajaya@unifibiz,03-88613502,1044925251,4G - YES LTE ,N'osairis,YESLB0123034,8.96015E+18,01117192316@YES.MY,10.8.5.1,10.150.135.254,,,,,,,,,"Lower Ground Floor & Ground Floor , Alamanda Putrajaya Shopping Centre, Jalan Alamanda, Precint 1, 62000 Putrajaya"
16,15,ABG Seberang Jaya,Aeon BIG,vxmb00028v,ABG_Seberangjaya,Penang,25-Oct-16,,FGL204023KR,TM - Unifi,Vinx,30mbps,abg_sperai@unifibiz,04-3830061,,4G - YES LTE ,N'osairis,YESLB0122848,8.96015E+18,01117193975@YES.MY,10.5.5.1,10.150.7.254,,,,,,,,,"2929 Jalan Kelisa Emas 1, Seberang Jaya, 13700 Perai, Penang"
17,31,ABG Shah Alam,Aeon BIG,vxmb00018v,ABG_Shahalam,Selangor,10-Oct-16,,FGL204023HM,TM - Unifi,Vinx,30mbps,abgshahalam@unifibiz,03-55452634,1040614784,4G - YES LTE ,N'osairis,YESLB0122767,8.96015E+18,01117186008@YES.MY,10.24.5.1,10.168.199.254,,,,,,,,,"AEON BiG Shopping Centre Section 23, Shah Alam, Lot No. 10, Jalan Dividen 23/6, Seksyen 23, 40460 Shah Alam, Selangor Darul Ehsan."
18,14,ABG Sri Petaling,Aeon BIG,vxma00024v,ABG_Sripetaling,Kuala Lumpur,12-Oct-16,,FGL204023JE,TM - Unifi,Vinx,10mbps,epoffice01@unifibiz,03-90542589,1044925491,4G - YES LTE ,N'osairis,YESLB0122766,8.96015E+18,01117186012@YES.MY,10.4.5.1,10.150.39.254,,,,,,,,,"Endah Parade Shopping Mall(LG & GF), No 1 Jalan 1/149E, Taman Sri Endah, Bandar Baru Sri Petaling, 57000 Kuala Lumpur."
19,25,ABG Sutera Mall,Aeon BIG,vxmb00024v,ABG_Suteramall,Johor,19-Oct-16,,FGL204023H7,TM - Unifi,Vinx,20mbps,abg_suteramall@unifibiz,07-5596817,1031610676,4G - YES LTE ,N'osairis,YESLB0122756,8.96015E+18,01117192325@YES.MY,10.15.5.1,10.168.55.254,,,,,,,,,"L 2-033, Jalan Sutera Tanjung 8/4, Taman Sutera Utama, 81300 Johor Bahru,Johor"
20,26,ABG Tropicana City Mall,Aeon BIG,vxma00022v,ABG_TropicanaCityMall,Selangor,7-Oct-16,,FGL204023HU,TM - Unifi,Vinx,20mbps,abg_tropicana@unifibiz,03-77312241,1031274127,4G - YES LTE ,N'osairis,YESLB0123039,8.96015E+18,01117185994@YES.MY,,,,,,,,,,,"Lot LG 17 Lower Ground Floor Tropicana City Mall No. 3, Jalan SS20/27 47400 Petaling Jaya"
21,27,ABG Tun Hussein Onn,Aeon BIG,vxma00025v,ABG_Tunhusseinonn,Selangor,13-Oct-16,,FGL204023HZ,TM - Unifi,Vinx,300mbps,abg_tho@unifibiz,03-90818354,1040515981,4G - YES LTE ,N'osairis,YESLB0123050,8.96015E+18,01117193987@YES.MY,10.1.5.1,10.168.103.254,,,,,,,,,"Bandar Tun Hussien Onn, Jln Suarasa 2, 43200 Kajang Selangor"
22,13,ABG Wangsa Maju,Aeon BIG,vxma00028v,ABG_WangsaMaju,Kuala Lumpur,14-Oct-16,,FGL204023J8,TM - Unifi,Vinx,10mbps,aeonwangsamaju2@unifibiz ,03-41314494,1044925699,4G - YES LTE ,N'osairis,YESLB0122838,8.96015E+18,01117192296@YES.MY,10.3.5.1,10.150.71.254,,,,,,,,,"6 Jalan 8/27A, Section 5, Wangsa Maju, 53300 Kuala Lumpur."
23,11,ABG Subang,HQ,,NA,Selangor,,,FGT5HD3916800749,TM - Unifi,Vinx,30mbps,abg_subang@unifibiz,03-56111379,1031730342,TIME ,N'osairis,2.40E+11,TBBN073474G,,10.1.5.1,10.150.163.254,,,,,,,,,"3 Jalan SS16/1, 47500 Subang Jaya, Selangor Darul Ehsan."
24,5701,Aeon Rockey AMY Shah Alam,Aeon Rockey,vxmb00061v,Arocky_ShahAlam,Selangor,3-Sep-17,,FGL204023KD,TM - Unifi,Vinx,50mbps,aeonrockysa5@unifibiz,"03-55242502 
03-55241020",1044925889,3G - Maxis,TNS,8.96001E+18,,,,,,,,,,,,,"AEON Mall Shah Alam, Lot T05, Level 3, 1, Jalan Akuatik 13/64, Seksyen 13, Shah Alam, 40100 Selangor, Malaysia"
25,5702,Aeon Rockey Tebrau City,Aeon Rockey,vxmb00068v,ARockey_Tebraucity,Johor,29-Sep-17,,FGL210421ZN,TM - Unifi,Vinx,10mbps,"aeontc66@unifibiz
aeontc01@unifibiz (Guest Wifi)",6073649021,1044910741,3G - Digi ,TNS,8.96016E+19,,,192.170.12.1,8 PORT SWITCH,,,"6073649022
6073649021",6073649023,6073649026,6073649025,6073649028,,"F102A & F102B, Level 1, No.1, Jalan Desa Tebrau, Taman Desa Tebrau, 81100 Johor Bahru, Johor Darul Takzim."
26,1020,AMY Ampang Utara (AU2),AMY,vxma00001v,AMY_Ampangutara,Kuala Lumpur,9-Aug-16,,FGL204023H6,TM - Unifi,Vinx,20mbps,amy_ampang_utara@unifibiz,03-42664930,1031048299,4G - YES LTE ,N'osairis,YESLB0123036,8.96015E+18,01117192318@YES.MY,172.37.0.1,172.37.0.2,,,,,,,,,"Setiawangsa,Lower Ground Floor, No.6 Jalan Taman Setiawangsa (Jalan 37/56), AU2, Taman Keramat, 54200 Kuala Lumpur"
27,1008,AMY Bandar Puchong,AMY,vxma00002v,AMY_Bandarpuchong,Selangor,29-Aug-16,,FGL231710C9,TM - Unifi,Vinx,30mbps,amy_bandarpuchong@unifibiz,03-80710829,1035677580,4G - YES LTE ,N'osairis,YESLB0123038,8.96015E+18,01117101688@YES.MY,172.14.0.1,172.14.0.2,,,,,,,,,"Lot G40, IOI Mall Batu 9, Jln Puchong Bandar Puchong Jaya 47100 Puchong Selangor Darul Ehsan"
28,1017,AMY Bandar Sunway,AMY,vxma00003v,AMY_Bandarsunway,Selangor,12-Aug-16,,FGL204023HR,TM - Unifi,Vinx,20mbps,amy_bandar_sunway@unifibiz,03-56125296,1031072935,4G - Unifi AIR,Nosairis,800084501,,Pin: 197777,172.32.0.1,172.32.0.2,,,,,,,,,"1st Floor, Management Office F2.80, Sunway Pyramid No. 3, Jalan PJS 11/15 Bandar Sunway 46150 Petaling Jaya Selangor Darul Ehsan"
29,1004,AMY Bandar Utama,AMY,vxma00004v,AMY_Bandarutama,Selangor,14-Aug-16,,FGL204023H5,TM - Unifi,Vinx,20mbps,amy_bandarutama@unifibiz,03-77317594,1031133612,4G - YES LTE ,Nosairis,YESLB0122759,8.96015E+18,01117192216@YES.MY,172.7.0.1,172.7.0.2,,,,,,,,,"No. 1, Lebuh Bandar Utama Bandar Utama Damansara 47800 Petaling Jaya, Selangor"
30,1022,AMY Bandaraya Melaka,AMY,vxmb00001v,AMY_Bandarayamelaka,Melaka,24-Aug-16,,FGL204023KB,TM - Unifi,Vinx,300mbps,amy_bandarayamelaka@unifibiz,6062644473,,3G - Celcom,TNS,8.96019E+18,,,172.44.0.1,,,,,,,,,,"No.2 Jalan Legenda, Taman 1 - Legenda, 75400 Melaka"
31,1021,AMY Bukit Indah,AMY,vxmb00002v,AMY_Bukitindah,Johor,26-Aug-16,,FGL204023JJ,TM - Unifi,Vinx,30mbps,amy_bindah@unifibiz,07-2309380,,4G - YES LTE ,Nosairis,YESLB0122835,8.96015E+18,01117192330@YES.MY,172.39.0.1,172.39.0.2,,,,,,,,,"Grand Mezzanine, No. 8, Jalan Indah 15/2, Bukit Indah, 81200 Johor Bahru, Johor Darul Takzim."
32,1030,AMY Bukit Mertajam,AMY,vxmb00003v,AMY_Bukitmertajam,Penang,19-Aug-16,,FGL204023KV,TM - Unifi,Vinx,20mbps,amy_bukitmertajam@unifibiz,04-5400624,1031176660,4G - YES LTE ,Nosairis,YESLB0122764,8.96015E+18,01117192335@YES.MY,172.51.0.1,172.51.0.2,,,,,,,,,"Management Office, Lot No. 30908, Jalan Rozhan Alma, Seberang Perai Tengah, 14000 Bukit Mertajam, Pulau Pinang."
33,1005,AMY Bukit Raja (Bandar Baru Klang),AMY,vxma00005v,AMY_Bukitraja,Selangor,13-Aug-16,,FGL204023KG,TM - Unifi,Vinx,20mbps,amy_bukitraja@unifibiz,03-33623546,1031070228,4G - YES LTE ,Nosairis,YESLB0122758,8.96015E+18,01117186009@YES.MY,172.9.0.1,172.9.0.2,,,,,,,,,"Persiaran Bukit Raja 2 Bandar Baru Klang 41150 Klang, Selangor"
34,1018,AMY Bukit Tinggi,AMY,vxma00006v,AMY_Bukittinggi,Selangor,10-Aug-16,,FGL204023KA,TM - Unifi,Vinx,20mbps,amy_bukittinggi@unifibiz,60333180867,1031072505,3G - Celcom,Nosairis,8.96019E+17,,,172.33.0.1,172.33.0.2,,,,,,,,,"No 1, Persiaran Batu Nilam 1/KS 6, Bandar Bukit Tinggi 2, 41200 Klang, Selangor Darul Ehsan."
35,1014,AMY Cheras Selatan,AMY,vxma00007v,AMY_Cherasselatan,Selangor,12-Aug-16,,FGL204023H1,TM - Unifi,Vinx,20mbps,amy_cheras.selatan@unifibiz,60390815914,1031134933,3G - Celcom,N'osairis,8.96019E+17,,,172.28.0.1,172.28.0.2,,,,,,,,,"Aras Satu, Lebuh Tun Hussien Onn 43200 Balakong Selangor Darul Ehsan"
36,1015,AMY Equine Park,AMY,vxma00008v,AMY_Equinepark,Selangor,12-Aug-16,,FGL204023KJ,TM - Unifi,Vinx,20mbps,amu_equineselatan@unifibiz,03-89538703,1031134891,4G - YES LTE ,N'osairis,YESLB0122765,8.96015E+18,01117192281@YES.MY,172.29.0.1,172.29.0.2,,,,,,,,,"No. 2, Jalan Equine Taman Equine, Bandar Putra Permai 43300 Seri Kembangan Selangor Darul Ehsan"
37,1037,AMY Falim,AMY,vxmb00004v,AMY_Falim,Perak,5-Aug-16,,FGL204023J7,TM - Unifi,Vinx,300mbps,amy_falim@unifibiz,05-2850347,1038629539,4G - YES LTE ,N'osairis,YESLB0123042,8.96015E+18,01117185996@YES.MY,172.67.0.1,172.67.0.2,,,,,,,,,"No.1, Hala Falim 1, Taman Mas Jaya, Falim, 30200 Ipoh, Perak"
38,1006,AMY Ipoh Kinta City,AMY,vxmb00005v,AMY_Ipohkintacity,Perak,18-Aug-16,,FGL204023JA,TM - Unifi,Vinx,300mbps,amy_kintacity@unifibiz,05-5412547,1038542484,4G - YES LTE ,N'osairis,YESLB0123043,8.96015E+18,01117192304@YES.MY,172.41.0.1,172.11.0.2,,,,,,,,,"No 2, Jalan Teh Lean Swee, Off Jalan Sultan Azlan Shah Utara, 31400 Ipoh, Perak"
39,1026,AMY Ipoh Station 18,AMY,vxmb00006v,AMY_Ipohstation18,Perak,18-Aug-16,,FGL204023JY,TM - Unifi,Vinx,300mbps,amy_ipohstation18@unifibiz,05-3210483,,3G - Celcom,TNS,8.96019E+17,,,172.42.0.1,172.41.0.2,,,,,,,,,"No.2, Susuran Stesen 18, Station 18, 31650, Ipoh, Perak."
40,1038,AMY Kempas (AMY BANDAR DATO’ ONN),AMY,vxmb00064v,AMY_BdrDato'Onn,Johor,19-Jul-17,,FGL210421ZW,TM - Unifi,Vinx,20mbps,amy_storekempas@unifibiz,6073617214,1034309201,4G - YES LTE ,N'osairis,YESLB0122770,8.96015E+18,01117192320@YES.MY,172.69.0.1,172.69.0.2,,,,,,,,,"No.3, Jalan Dato' Onn 3,Bandar Dato' Onn, 81100, Johor Bharu."
41,1033,AMY Klebang,AMY,vxmb00007v,AMY_Klebang,Perak,18-Aug-16,,FGL204023KE,TM - Unifi,Vinx,300mbps,amy_klebang@unifibiz,05-2926416,1038565063,3G - Celcom,N'osairis ,8.96019E+18,,,172.64.0.1,172.64.0.2,,,,,,,,,"AEON Mall Ipoh Klebang, Lot 12080, Klebang Perdana, 31200 Chemor, Perak."
42,1035,AMY Kota Bharu,AMY,vxmb00008v,AMY_Kotabharu,Kelantan,4-Jan-16,,FGL204023KK,TM - Unifi,Vinx,30mbps,aeonmanagementkb2@unifibiz,09-7405109,1044910188,4G - Yes LTE,N'osairis ,YESLB0122762,8.96015E+18,01117192264@YES.MY,172.66.0.1,172.66.0.2,,,,,,,,,"Pusat Beli-Belah Kota Bharu, Lembah Sireh, 15050, Kota Bharu, Kelantan."
43,1039,AMY Kuching,AMY,vxmb00073v,AMY_Kuching,Sarawak,22-Feb-18,,FGL204023J5,TM - Unifi,Vinx,300mbps,amy_kuching@unifibiz,08-2549407,1037483060,3G - Celcom,TNS,8.96019E+17,,,172.72.0.1,172.72.0.1,,,,,,,,,"Lot G52, F43 & S39, AEON Mall Kuching Central, No. 88, Jalan Datuk Patinggi Haji Ahmad Zaidi Adruce, 93200 Kuching, Sarawak, Malaysia"
44,1028,AMY Kulai Jaya,AMY,vxmb00009v,AMY_Kulaijaya,Johor,24-Aug-16,,FGL204023K4,TM - Unifi,Vinx,20mbps,vinxkul01@unifibiz,6076600868,1031197989,3G - Maxis,TNS,8.96001E+18,,,172.50.0.1,172.50.0.2,,,,,,,,,"PTD 106273, Persiaran Indahpura Utama, Bandar Indahpura, 81000 Kulaijaya, Johor"
45,1001,AMY Maluri Store,AMY,vxma00010v,AMY_Maluristore,Kuala Lumpur,29-Aug-16,,FGL204023KX,TM - Unifi,Vinx,20mbps,amy_maluristores@unifibiz,03-92020695,1031230897,4G - Yes LTE,N'osairis ,YESLB0122846,8.96015E+18,01117185982@YES.MY,172.3.0.1,172.3.0.2,,,,,,,,,"Jalan Jejaka, Taman Maluri Cheras 55100, Kuala Lumpur"
46,1002,AMY Melaka Store,AMY,vxmb00010v,AMY_Melakastore,Melaka,24-Aug-16,,FGL204023JQ,TM - Unifi,Vinx,300mbps,amy_ayerk@unifibiz,06-3182513,,3G - Celcom,TNS,8.96019E+18,1592449554,,172.4.0.1,172.4.0.2,,,,,,,,,"Leboh Ayer Keroh, 75450 Melaka"
47,1011,AMY Metro Prima,AMY,vxma00011v,AMY_Metroprima,Kuala Lumpur,13-Aug-16,,FGL204023LG,TM - Unifi,Vinx,20mbps,amy_metroprima@unifibiz,03-61794671,1031134602,4G - Yes LTE,N'osairis ,YESLB0123049,8.96015E+18,01117192310@YES.MY,172.21.0.1,172.21.0.2,,,,,,,,,"No 1, Jalan Metro Prima Kepong 52100, Kuala Lumpur"
48,1007,AMY Midvalley,AMY,vxma00012v,AMY__Midvalley,Kuala Lumpur,12-Aug-16,,FGL204023KW,TM - Unifi,Vinx,20mbps,amy_midvalley@unifbiz,03-22010521,1031045675,4G - Yes LTE,N'osairis ,YESLB0122831,8.96015E+18,01117193983@YES.MY,172.13.0.1,172.13.0.2,,,,,,,,,"ÆON Co. (M) Bhd. ÆON Mid Valley Store, AT3 Mid Valley Megamall, Mid Valley City, Lingkaran Syed Putra, 59200 Kuala Lumpur."
49,1040,AMY NILAI,AMY,vxmb00083v,AMY_Nilai,N9,4-Dec-18,,FGL223393S4,TM - Unifi,Vinx,30Mbps,amy_nilai@unifibiz,6067907030,1041224864,3G - Digi,TNS ,8.96016E+19,3 GB,,172.74.0.1 ,,,,,,,,,,"AEON Nilai , Store Management Office, 1st Floor, AEON Nilai Mall, No.2, Persiaran Pusat Bandar Putra Point, Putra Nilai, 71800, Nilai, Negeri Sembilan"
50,1010,AMY Permas Jaya,AMY,vxmb00011v,AMY_Permasjaya,Johor,25-Aug-16,,FGL204023HH,TM - Unifi ,Vinx,300mbps,amy_permasjaya@unifibi,07-3862581,1040320879,4G - Yes LTE,N'osairis,YESLB0122787,1130000466,01130000466@YES.MY,172.19.0.1,172.19.0.2,,,,,,,,,"No 1, Jalan Permas Jaya Utara Bandar Baru Permas Jaya 81750 Johor Bahru Johor"
51,1016,AMY Queensbay Mall,AMY,vxmb00012v,AMY_Queensbay_Mall,Penang,19-Aug-16,,FGL204023K8,TM - Unifi,Vinx,20mbps,amy_queensbaymall@unifibiz,6046115174,1031176447,3G - Celcom,TNS ,8.96019E+16,,,172.31.0.1,172.31.0.2,,,,,,,,,1F-61 Queensbay Mall 100 Persiaran Bayan Indah 11900 Bayan Lepas Penang
52,1025,AMY Rawang,AMY,vxma00014v,AMY_Rawang,Selangor,16-Aug-16,,FGL204023JD,TM - Unifi,Vinx,20mbps,amy_rawang@unifibiz,03-60900419,1031143124,4G - Yes LTE,N'osairis,YESLB0123033,8.96015E+18,01117192289@YES.MY,172.40.0.1,172.40.0.2,,,,,,,,,"No. 1, Kompleks Beli-belah AEON Rawang Anggun, Persiaran Anggun, Taman Anggun 48000 Rawang , Selangor Darul Ehsan."
53,1012,AMY Seremban 2,AMY,vxmb00013v,AMY_Seremban2,N9,24-Aug-16,,FGL204023H8,TM - Streamyx,Vinx,4mbps,vinxsn@streamyx,06-6012205,U600298037608,4G - Yes LTE,N'osairis,YESLB0123035,8.96015E+18,01117192319@YES.MY,172.23.0.1,172.23.0.2,,,,,,,,,"112 Persiaran S2 B1, Seremban 2, 70300 Seremban, Negeri Sembilan Darul Khusus"
54,1032,AMY Shah Alam,AMY,vxma00015v,AMY_Shahalam,Selangor,10-Mar-16,,FGL204023KF,TM - Unifi,Vinx,50mbps,aeonmanagementsa@unifibiz,355244798,1044912226,4G - Yes LTE,N'osairis,YESLB0122757,8.96015E+18,01117192301@YES.MY,172.65.0.2,172.65.0.2,,,,,,,,,"AEON Mall Shah Alam, No.1, Jalan Akuatik 13/64, Seksyen 13, 40100, Shah Alam, Selangor."
55,1027,AMY Sri Manjung,AMY,vxmb00014v,AMY_Srimanjung,Perak,18-Aug-16,,FGL204023K0,TM - Unifi,Vinx,300mbps,amy_srimanjung@unifibiz,56884018,1038621551,4G - Yes LTE,N'osairis,YESLB0122845,8.96015E+18,01117184703@YES.MY,172.42.0.2,172.42.0.2,,,,,,,,,"Pusat Perniagaan Manjung Point 3, 32040 Seri Manjung, Perak."
56,1029,AMY Taiping,AMY,vxmb00015v,AMY_Taiping,Perak,19-Aug-16,,FGL204023LD,TM - Unifi,Vinx,300mbps,amy_taiping@unifibiz,"
05-8293784 ",1039320096,3G - Maxis,TNS,8.96001E+18,,,172.52.0.1,172.52.0.2,,,,,,,,,"Pusat Beli-belah AEON,Lot 8576 & 8577, Jalan Kamunting, 34000 Taiping, Perak."
57,1009,AMY Taman Universiti,AMY,vxmb00016v,AMY_Tamanuniversity,Johor,26-Aug-16,,FGL204023JX,TM - Unifi,Vinx,300mbps,amy_tmnuniversiti@unifibiz,,,3G - Maxis,TNS,8.96001E+18,,,172.17.0.1,172.17.0.2,,,,,,,,,"No 4, Jalan Pendidikan Taman Universiti 81300 Skudai, Johor"
58,1013,AMY Tebrau City,AMY,vxmb00017v,AMY_Tebraucity,Johor,27-Aug-16,,FGL204023K7,TM - Unifi,Vinx,300mbps,amy_tebraucity@unifibiz,73504729,1038856223,3G - Celcom,TNS,8.96019E+18,,,172.25.0.1,172.25.0.2,,,,,,,,,"No 1, Jalan Desa Tebrau Taman Desa Tebrau 81100 Johor Bahru Johor"
59,1003,AMY Wangsa Maju,AMY,vxma00016v,AMY_Wangsamaju,Kuala Lumpur,8-Oct-16,,FGL204023LA,TM - Unifi,Vinx,20mbps,amy_wangsamaju@unifbiz,03-41314612,1031072968,4G - Yes LTE,N'osairis,YESLB0122836,8.96015E+18,01117192331@YES.MY,172.5.0.1,172.5.0.2,,,,,,,,,"Jln R1, Seksyen 1 Bandar Baru Wangsa Maju 53300 Kuala Lumpur"
60,9000,AMY Maluri,HQ,,NA,Kuala Lumpur,30-Sep-15,,FGT5HD3916802229,TM - Unifi,Vinx,20mbps,amy_maluristore@unifibiz,03-92016041,1031133091,TM - Unifi (100mbps),Vinx,aeonco_hq@unifibiz,1044610713,,172.1.1.6,172.1.1.1,,,,,,,,,
61,5124,Daiso Aman Sentral,Daiso,vxmb00038v,VAD_Amansentral,Kedah,30-Sep-19,,FGL204023HL,TM - Streamyx,Aeon,1mbps,daisaman@streamyx,6047313552,A600259230106,3G - Maxis,TNS,8.96001E+18,,,192.169.5.1,8 PORT SWITCH,,,,,,,,,"Daiso @ Aman Sentral, Lot 3-26, 3rd Floor, Aman Central Mall, Lebuhraya Darul Aman, 05100 Alor Setar, Kedah. / VINX- to request for an upgrade upon contract sign off"
62,5121,Daiso AMY Bukit Mertajam,Daiso,vxmb00030v,VAD_Bukitmertajam,Penang,19-Aug-16,,FGL204023HT,TM - Unifi,Aeon,100mbps,daisobm1@unifibiz,6045485817,1019976768,3G - Celcom,TNS,8.96019E+17,,,192.169.12.1,8 PORT SWITCH,,,,,,,,,"Lot S42, 2nd Floor, AEON Mall Bukit Mertajam, Seberang Perai Tengah, 14000 Bukit Mertajam, Pulau Pinang. "
63,5116,Daiso AMY Kulai Jaya,Daiso,vxmb00033v,VAD_Kulai,Johor,28-Sep-16,,FGL204023JF,TM - Streamyx,Aeon,1mbps,daisokj@streamyx,6076637712,A600131701303,3G - Maxis,TNS,8.96001E+18,,,192.169.1.1,8 PORT SWITCH,,,,,,,,,"F47, First Floor, PTD 106273, Persiaran Indahpura Utama, Bandar Indahpura, 81000 Kulaijaya, Johor."
64,5119,Daiso AMY Taiping,Daiso,vxmb00036v,VAD_Taiping,Perak,30-Sep-16,,FGL204023LE,TM - Streamyx,Aeon,1mbps,daisotpg@streamyx,6058048091,A600210167008,3G - Celcom,TNS,8.96019E+17,,,192.169.13.1,8 PORT SWITCH,,,,,,,,,"LotF09, 1st Floor, AEON Mall Taiping, Jalan Kamunting 34000 Taiping, Perak "
65,5122,Daiso Atria,Daiso,vxmb00031v,VAD_Atria,Selangor,27-Aug-16,,FGL204023K5,TM - Unifi,Aeon,100mbps,daiso_atria1@unifibiz,60377316397,1026204709,3G - Celcom,TNS,8.96019E+18,,,192.169.10.1,8 PORT SWITCH,,,,,,,,,"Lot T01, 3rd Floor, Atria Shopping Gallery,Jalan SS 22/27, Damansara Jaya, 47400 Petaling Jaya, Selangor "
66,5138,Daiso Bandar Dato’ Onn (Kempas),Daiso,vxmb00066v ,VAD_Kempas,Johor,14-Aug-17,,FGL204023GP,TM - Unifi,Vinx,100mbps,,6073614570,1034638237,3G - Celcom,TNS,8.96019E+18,,,192.169.14.1,8 PORT SWITCH,,,,,,,,,"Lot F-23, 1st Floor, AEON Mall Bandar Dato’ Onn, No. 3, Jalan Dato’ Onn 3, Bandar Dato’ Onn, 81100 Johor Bahru."
67,5104,Daiso Bandar Utama,Daiso,vxma00083v,VAD_BandarUtama,Selangor,23-Nov-18,,FGL22319211,TM - Unifi,Vinx,10mbps,daiso.bdrutama@unifibiz,03-77312857,,3G - Maxis,TNS ,8.96001E+18,,"WiFi Enable 
Username: Daiso
Password: 0192606890",,13 PORT SWITCH,SG95D-08,DNI204906ZQ,,,,,,,"Daiso Bandar Utama, Lower Ground Floor, AEON Bandar Utama, No.1, Lebuh Bandar Utama, Bandar Utama Damansara, Petaling Jaya 47800 Selangor
"
68,5155,Daiso Bele Time,Daiso,vxmb00102v,5155_VAD_BeleTime,Johor,5-Dec-19,,FGL225013BS,TM - Unifi,Vinx,10 Mbps,daiso_beletime@unifibiz,07-27071506,,3G - Maxis,TNS,8.96001E+18,,,192.169.34.1,192.169.34.0,CISCO SG95D-08,DNI232603T7,07-2071506,,,,,,"Lot GF-63,Ground Floor, Bele Time Danga Bay, Danga Bay Jln Skudai, 80200 Johor Bahru."
69,5143,Daiso Bukit Indah ,Daiso,vxma00034v,VAD_Bukitindah,Johor,23-Mar-18,,FGL204023L8,TM - Streamyx,Vinx,2mbps,daiso_bi@streamyx,6072321437,U600337971103,3G - Maxis,TNS ,8.96001E+17,,,192.169.18.1,8 PORT SWITCH,SG95D-08,DNI203702A2,,,,,,,"LOTS16, SECOND FLOOR, AEON MALL BUKIT INDAH, NO.8, JALAN INDAH 15.2, TAMAN BUKIT INDAH,81200,JOHOR BAHRU. "
70,5110,Daiso Cheras Selatan,Daiso,vxma00102v,5110_VAD_CherasSelatan ,Selangor,18-Feb-20,,FGL225013BZ,TM Unifi,Vinx,10mbps,daiso_cheras@unifibiz,60390827399,,3G - Digi,TNS ,8.96016E+19,,,192.169.39.1,192.169.39.0,CISCO SG95D - 08,DNI204906VT,,,,,,,"Lot F51, First Floor, Aeon Mall Cheras Selatan, Lebuh Tun Hussein Onn, 43200, Balakong, Selangor Darul Ehsan"
71,5123,Daiso Dpulze,Daiso,vxma00033v,VAD_Dpulze,Selangor,5-May-15,,FGL204023JM,TM - Unifi,Aeon,100mbps,aeondpulze@unifibiz,60383225782,1023716341,3G - Maxis,TNS ,8.96001E+18,,,192.169.2.1,8 PORT SWITCH,,,,,,,,,"LotUG11, Upper Ground Floor, D'Pulze Shopping Centre, Persiaran Multimedia, 63000 Cyberjaya "
72,5151,Daiso Eko Cheras,Daiso,vxma00092v,5151_VAD_EkoCheras,Selangor,20-Sep-19,,FGL2302157L,TM - Unifi,Vinx,10mbps,daiso.ekocheras@unifibiz,,,3G - Celcom,TNS,8.96019E+18,,,192.169.31.1/24,8 PORT SWITCH,SG95D - 08,DNI20130EL3,03-91337043 (OFFICE),,,,,,"Lot S-68, 2nd floor Eko Cheras Mall, Taman Mutiara Barat, 9th Miles Cheras, 56000 Cheras,Selangor"
73,5139,Daiso Evo Bangi,Daiso,vxma00069v,VAD_BangiEvo,Selangor,18-Dec-17,,FGL2104220F,TM - Unifi,Vinx,10mbps,evo199@unifibiz,03-89208679,1044912481,3G - Digi,TNS ,8.96016E+19,,,192.169.16.1,8 PORT SWITCH,SG95D-08,DNI204906VF,,,,,,,"G09, Ground Floor, EVO Shopping Centre, Seksyen 9, 43650, Bandar Baru Bangi, Selangor"
74,5126,Daiso Jaya SC,Daiso,vxma00029v,VAD_Jayasc,Selangor,10-Aug-16,,FGL204023GN,TM - Unifi,Aeon,5mbps,daiso_jsc1@unifibiz,60379313971,1027282746,3G - Maxis,TNS ,8.96001E+18,,,192.169.4.1,8 PORT SWITCH,,,,,,,,,"Lot L4-20 to L4-29, 4th Floor, Jaya Shopping Centre, Jalan Semangat, 46100 Petaling Jaya, Selangor "
75,5113,Daiso Kiara,Daiso,vxma00085v,5113_VAD_Kiara,Kuala Lumpur,21-Nov-18,,FGL204023JU,TIME ,Vinx,20Mbps,billing80@timebb (7we208971g),TBBN208971G,4.98E+11,3G - Maxis,N'osairis,8.96001E+18,,,,13 PORT SWITCH,SG95D-08,DNI2037025A,03-64195729,03-64195730,,,,,"Lot No. LG2-17, LG2 Floor, 163 Retail Park, Jalan Kiara 1 / Mont Kiara, Mont Kiara, 50480 Kuala Lumpur"
76,5127,Daiso Kinta City,Daiso,vxmb00069v ,VAD_KintaCity,Perak,23-Nov-17,,FGL21042203,TM - Streamyx,Vinx,2mbps,d_kintac@streamyx,05-5439030,,3G - Digi,TNS,8.96016E+19,,,192.169.15.1,8 PORT SWITCH,,,,,,,,,"Lot F55, 1st Floor, Aeon Mall Kinta City. No. 2, Jalan Teh Lean Swee,  Off Jalan Sultan Azlan Shah Utara 31400 Ipoh."
77,5131,Daiso KL Festival City,Daiso,vxma00030v,VAD_Klfestivalcity,Kuala Lumpur,5-Aug-16,,FGL204023JZ,TM - Unifi,Aeon,5mbps,daisoklfc@unifibiz,60341417397,1027374949,3G - Celcom,TNS,8.96019E+17,,,192.169.3.1,8 PORT SWITCH,,,,,,,,,"Lot F19, 1st Floor, KL Festival City Mall, Taman Danau Kota, Setapak, 53300 Kuala Lumpur "
78,5128,Daiso Klebang,Daiso,vxmb00035v,VAD_Klebang,Perak,29-Sep-16,,FGL204023H3,TM - Streamyx,Aeon,1mbps,daisoklb@streamyx,6052919200,U600263140606,3G - Celcom,TNS,8.96019E+17,,,192.169.64.1,8 PORT SWITCH,,,,,,,,,"Daiso Ipoh Klebang, Lot S22, 2nd Floor, AEON Mall Ipoh Klebang, 31200, Chemor, Perak "
79,5129,Daiso Kota Bharu,Daiso,vxmb00037v,VAD_Kotabharu,Kelantan,4-Jul-16,,FGL204023L9,TM - Unifi,Vinx,30mbps,daisoaeonkbharu@unifibiz,09-7405172,1009106277,3G - Maxis,TNS,8.96001E+18,,,192.169.22.1,8 PORT SWITCH,,,,,,,,,"Daiso Kota Bharu, Pusat Beli-Belah AEON Kota Bharu, Lembah Sireh, 15050 Kota Bharu, Kelantan"
80,5157,Daiso KTCC,Daiso,vxmb00105v,5157_VAD_KTCC ,Terengganu,16-Mar-20,,FGL2303101K,TM Unifi,Vinx,10mbps,daiso_ktcc@unifibiz,,,,,,,,192.169.36.1,192.169.36.0,CISCO SG95D - 08 ,DNI232603S8,,,,,,,"Daiso KTCC, Lot 2-09,2-10 & 2-11,2nd Floor,Kuala Terengganu City Centre Mall, Lot PT 4191, Muara Selatan, 20000,Kuala Terengganu, Terengganu Darul Iman."
81,5141,Daiso Kuching Central,Daiso,vxmb00075v,VAD_KuchingCentral,Kuching,26-Mar-18,,FGL210421ZH,TM - Unifi,Vinx,100mbps,amy_daisokuching@unifibiz,08-2232183,,3G - Maxis,TNS,8.96001E+17,,,192.169.19.1,8 PORT SWITCH,SG95D-08,DNI2049071A,,,,,,,"LOT S37, 2nd FLOOR,  , AEON MALL KUCHING CENTRAL, NO.88, JALAN DATUK PATINGGI HAJI AHMAD ZAIDI ADRUCE, 93200 KUCHING, SARAWAK."
82,5112,Daiso Metro Prima,Daiso,vxma00032v,VAD_Metroprima,Kuala Lumpur,29-Dec-15,,FGL204023LF,TM - Streamyx,Vinx,4mbps,daisompr@streamyx,03-62500528,U600360783906,3G - Celcom,TNS,8.96019E+17,,,192.169.6.1,8 PORT SWITCH,,,,,,,,,"Daiso @ Metro Prima, Lot G17-C,  ÆON Metro Prima Store & Shopping Centre, No 1, Jalan Metro Prima, Kepong, 52100 Kuala Lumpur. / VINX- to request for an upgrade upon contract sign off"
83,5136,Daiso My Town,Daiso,vxma00062v,VAD_Mytown,Kuala Lumpur,13-Jan-17,,FGL204023J2,TIME,Vinx,10mbps,billing@nosairis.com,TBBN090120G,2.59E+11,3G - Maxis,TNS,8.96001E+18,,,192.169.9.1,8 PORT SWITCH,,,,,,,,,"Daiso @ My Town, Lot L3-017, 3rd Floor,Mytown Shopping Centre,Jalan Cochrane,55100 Kuala Lumpur"
84,5149,Daiso Nilai,Daiso,vxmb00088v,VAD_Nilai,N9,2-Jan-19,,FGL204023H0,TM - Unifi,Vinx,10mbps,daiso.amynilai@unifibiz,6067946403,1041465988,3G - Maxis,TNS,8.96001E+18,,,192.169.26.1    ,13 PORT SWITCH,AT-FSW708,04B154200440,,,,,,,"F41, 1st Floor, AEON Nilai Mall, No.2, Persiaran Pusat Bandar Putra Point, Putra Nilai, 71800, Nilai, Negeri Sembilan."
85,5118,Daiso Palm Mall,Daiso,vxmb00034v,VAD_Palmmall,N9,27-Jul-16,,FGL204023JH,TM - Streamyx,Aeon,1mbps,fppm5118@streamyx,6067656136,A600195161301,3G - Maxis,TNS,8.96001E+18,,,192.169.23.1,8 PORT SWITCH,,,,,,,,,"F24 & F25, 1st Floor, Palm Mall, Kemayan Square, Jalan Sungai Ujong, 70200, Seremban. "
86,5133,Daiso Princess Cove,Daiso,vxmb00090v,5133_VAD_PrincessCove,Johor,3-Apr-19,,FGL2231920X,TIME ,Vinx,20mbps,318B086000372,34E8944A8F38,TBBN248477G,3G - Maxis,TNS,8.96001E+18,,,192.169.30.1  ,8 PORT SWITCH,CISCO SG95D-08,DNI204906Z3,Phone 1: 07-2673880,Phone 2: 07-2673881,,,,,"Daiso Princess Cove, Lot 2-005, R&F Princess Cove, Mercu 1, Jalan Tanjung Puteri, R&F Tanjung Puteri, 80300, Johor Bahru"
87,5102,Daiso Queensbay Mall,Daiso,vxmb00032v,VAD_Queensbaymall,Penang,19-Aug-16,,FGL204023JG,TM - Streamyx,Aeon,1mbps,daisoqb@streamyx,6046463151,K940741716810,3G - Celcom,TNS,8.96019E+17,,,192.169.24.1,8 PORT SWITCH,,,,,,,,,"Lot 07 & 08, First Floor, North Zone, Queensbay Mall, Persiaran Bayan Indah, 11900 Bayan Lepas, Pulau Pinang, Malaysia."
88,5130,Daiso Shah Alam,Daiso,vxma00031v,VAD_Shahalam,Selangor,9-Mar-16,,FGL204023L7,TM - Unifi,Vinx,50mbps,daisoaeonshahalam@unifibiz,03-55241773,1044907259,3G - Maxis,TNS,8.96001E+18,,,192.169.21.1,8 PORT SWITCH,,,,,,,,,"Daiso Shah Alam, First Floor (Lot No. F-05), AEON Mall Shah Alam, 40100, Shah Alam, Selangor "
89,5146,Daiso Spring,Daiso,vxmb00084v,5146_VAD_TheSpring,Kuching,25-Mar-19,,FGL225212VW,TM - Streamyx,Vinx,2mbps,d.spring@streamyx,082-230403,U600352345708,3G - Maxis,TNS,8.96001E+18,,,192.169.28.1,8 PORT SWITCH,CISCO SG95D-08,DNI1204906TJ,,,,,,,"Daiso Spring, Lot No.157 & 158, 1st Floor, The Spring Mall, Persiaran Spring, 93300, Kuching, Sarawak."
90,5137,Daiso Starling,Daiso,vxma00063v,VAD_Starling,Selangor,13-Mar-17,,FGL204023H2,UptownNet,Vinx,10MBPS,"For Support contact:
010-2224860 - 360 Tech (Service Provider) 018-9888060
012 4901963 (10am-10pm Daily) (Mall Management)",,1067-D,3G - Maxis,N'osairis,8.96001E+18,,,192.169.11.1,8 PORT SWITCH,,,03-76625454 ,,,,,,"Starling Mall, Jalan SS21/37, Damansara Utama, 47400 Petaling Jaya, Selangor"
91,5132,Daiso Sunway Velocity,Daiso,vxma00058v,VAD_SunwayVelocity,Kuala Lumpur,,,FGL204023KP,TIME,Vinx,10mbps,jonie.tan@nosairis.com,TBBN077144G,2.44E+11,3G - Celcom,TNS,8.96019E+17,,,192.169.8.1,8 PORT SWITCH,,,,,,,,,"Daiso Sunway Velocity Mall, Lot 4-09, 4th Floor,Sunway Velocity Mall,Batu 2 1/2 Jalan Cheras,55100 Kuala Lumpur"
92,5106,Daiso Taman Maluri ,Daiso,vxma00098v,5106_VAD_TamanMaluri,Kuala Lumpur,1-Nov-19,,FGL2303102N,TM - Unifi,Vinx,10mbps,daiso.aeonmaluri@unifibiz,,,3G - Celcom,TNS,8.96019E+18,,,192.169.36.1,192.169.36.0,CISCO SG95D-08,DNI22370710,0392266355 (Line 1) ,,,,,,"Daiso Taman Maluri,G-13, Ground Floor, Aeon Taman Maluri Shopping Centre, Jalan Jejaka, Taman Maluri, Cheras, 55100 Kuala Lumpur"
93,5140,Daiso Tasek Central,Daiso,vxmb00079v,VAD_TasekCentral,Johor,9-Jul-18,,FGL2150920C,TM - Unifi,Vinx,100mbps,daiso.tasekcentral@unifibiz,07-5121782,,3G - Maxis,TNS,8.96001E+18,,,192.169.20.1,8 PORT SWITCH,SG95D-08,DNI204906XH,,,,,,,"LOT 2-70, 2ND FLOOR, TASEK CENTRAL MALL, NO.2, JALAN PENDEKAR 16, TAMAN UNGKU TUN AMINAH, 81300 SKUDAI, JOHOR BAHRU"
94,5135,Daiso Tebrau City,Daiso,vxmb00067v,VAD_TebrauCity,Johor,13-Oct-16,,FGL21042206,TM - Streamyx,Vinx,2mbps,daisote@streamyx,07-3518967,U600360798302,3G - Maxis,TNS,8.96001E+18,,,192.169.7.1,8 PORT SWITCH,,,,,,,,,"Lot s112 aeon mall tebrau city. No. 1, jalan tebrau, taman desa tebrau 81100 johor bahru"
95,5145,Daiso Toppen,Daiso,vxmb00097v,5145_VAD_Toppen,Johor,24-10-2019,,FGL23021570,TIME,Vinx,20mbps,nathan314@timebb,383298,TBBN 346225G,3G - Maxis,TNS,8.96001E+18,,,192.169.32.1,8 PORT SWITCH,CISCO SG95D-08,DNI2237076B,07-2783070,07-2783076,,,,,"Daiso Toppen, Lot L2.46,2nd Floor, Toppen Shopping Centre, Taman Desa Tebrau, 81100, Johor Bahru, Johor."
96,5148,Daiso Viva Home,Daiso,vxma00087v,VAD_VivaHome,Kuala Lumpur,14-Dec-18,,FGL204023HG,TM - Unifi,Vinx,,daiso.vivahome@unifibiz,60392012355,1041293885,3G - Digi,TNS,8.96016E+19,3 GB,,192.169.27.1    ,13 PORT SWITCH,SG95D-08,DNI203702CA,"ATA MODEL: SY2101A
ATA SN: SLTSOYSY1805041037",392012355,,,,,"Daiso Viva Home Mall, Lot G-65 & G-65-1, Ground Floor, VIVA Shopping Mall, No.85, Jalan Loke Yew, Kuala Lumpur
"
97,3011,MaxValue Bangi ,MaxValue,vxma00067v ,MX_BangiEvo,Selangor,5-Dec-17,,FGL210421ZF,TM - Unifi,Vinx,10Mbps,maxvaluewvomall@unifibiz,03-89123046,1044907564,3G - Digi,TNS,8.96016E+19,,,172.70.1.2,,,,,,,,,,"Maxvalu Bangi, G09, Ground Floor, EVO Shopping Centre, Seksyen 9, 43650, Bandar Baru Bangi"
98,3015,MaxValue Bangsar South,MaxValue,vxma00071v,MX_TheSphere,Kuala Lumpur,15-Jan-18,,FGL204023L1,TM - Unifi,Vinx,100Mbps,max02@unifibiz,03-22420896,1044907861,3G - Digi,TNS,8.96016E+19,,,172.71.1.2,,,,,,,,,,"Wellness The Sphere, Unit LG-1A & 1B, Level LG, The Sphere, No.1, Avenue 1, Bangsar South,No.8, Jalan Kerinchi, 59200 Kuala Lumpur."
99,3021,MaxValue Bele Time,Maxvalue,vxmb00099v,3021_MX_BeleTime,Johor,11-Jul-19,,FGL2303103P,TM - Unifi,Vinx,10 Mbps,mx_dangabay@unifibiz,,,3G - Maxis,TNS,8.96001E+18,,,172.79.1.2,172.79.0.0,,,,,,,,,"Lot No. G31, G32, G33, G32, G38, Bele Time Country Garden@Danga Bay, Johor Bahru, 80200 Johor"
100,3020,Maxvalue New Desa Park City,Maxvalue,vxma00094v,3005  _MX_DesaPark,Kuala Lumpur,9-Oct-19,,FGL2303103H,TM - Unifi,Vinx,20mbps,amy_max.desapark@unifibiz,03-62630069,1031121773,3G - Celcom,TNS,8.96019E+18,,,172.57.1.2,,,,,,,,,,"Lot No. GF22, Ground Floor, The Waterfront @ ParkCity, 5, Persiaran Residen, Desa ParkCity 52200 Kuala Lumpur"
101,3018,Maxvalue Palm Mall,MaxValue,vxmb00095v,3018_MX_PalmMall,N9,9-Apr-19,,FGL225212VT,TM - Streamyx,Vinx,4Mbps,mxpalmal@streamyx,06-07612029,,3G - Celcom,TNS,8.96019E+17,,,172.76.1.2/16,,,,,,,,,,"No. 16 Ground Floor, Palm Mall, 70200 SEREMBAN, 70200 Seremban, Negeri Sembilan"
102,3016,MaxValue Quill City,MaxValue,vxma00013v,MX_QuillCity,Kuala Lumpur,15-Oct-18,,FGL204023JL,TM - Unifi,Vinx,20mbps,amy.quill@unifibiz,03-22028613,1030983769,3G - Maxis,TNS,8.96001E+17,,,172.54.0.1,172.54.0.2,,,,,,,,,"Lot LG-21, G-30, 1-30, 2-40 and 3-63, Kompleks Beli-Belah Quill, No. 1018, Jalan Sultan Ismail, 50250 Kuala Lumpur."
103,3012,MaxValue Section 17,MaxValue,vxma00078v,MX_Section17,Kuala Lumpur,17-Oct-18,,FGL204023HK,TIME,Vinx,20mbps,bizops870@timebb (vmd203505g),TBBN203505G,4.80E+11,4G - Celcom,N'osairis,8.96019E+17,,,,,,,03-76224815,03-76224816,,,,,"AEON Maxvalu Prime Seventeen Mall, No.998, Level L1-01, Jalan 17/38, Seksyen 17, 46400 Petaling Jaya, Selangor"
104,3017,Maxvalue Selayang Mall ,Maxvalue,vxma00096v,3017_MX_SelayangMall,Selangor,25-Oct-19,,FGL23021542,TM Unifi,Vinx,10 Mbps,maxvalueselayangmall@unifibiz,03-61282024,,3G - Digi,TNS,8.96016E+19,,,172.78.1.2/16,,,,,,,,,,"Lot LG.45, Lower Ground Floor Selayang Mall, Jalan SU9, Taman Selayang Utama,68100 Batu Caves, Selangor"
105,3009,MaxValue Sunway Velocity,MaxValue,vxma00059v,MX_SunwayVelocity,Kuala Lumpur,24-Nov-16,,FGL204023KC,TIME,Vinx,10mbps,jonie.tan@nosairis.com,TBBN077143G,2.44E+11,3G - Maxis,TNS,8.96001E+18,,,172.68.1.2,172.68.5.1,,,,,,,,,"B1-01, MaxValu Prime Sunway Velocity, Sunway Velocity Mall, Lingkaran SV, Sunway Velocity, 55100 Kuala Lumpur."
106,3019,Maxvalue United Point,Maxvalue,vxma00101v,3019_MX_UnitedPoint,Kuala Lumpur,20-Dec-19,,FGL225013BN,TIME,Vinx,20mbps,usha138@timebb,TBBN387342G,,3G - Maxis,TNS,8.96001E+18,,,172.80.1.2/16,172.80.0.0/16 ,,,,,,,,,"Unit LG-3 Lower Ground Floor, The United Point, Pusat Perdagangan Berpadu, No.10, Jalan Lang Emas, 51200 Kuala Lumpur."
107,5801,Petemo Tebrau City (Pet Shop),Petemo,vxmb00085v,5801_Petemo_TebrauCity,Johor,22-Nov-19,,FGL23031042,TM - Unifi,Vinx,10Mbps,apet_tebrau@unifibiz,,,3G - Digi,TNS,8.96016E+19,,,192.170.16.0,192.170.16.1,CISCO SG95D-08,DNI22370796,,,,,,,"AEON Pet Shop, Lots 101, 2nd floor, Aeon Mall Tebrau City, No 1 Jalan Desa Tebrau, 81100 Johor Bahru"
108,4301,ROHM Wako Mini Convenience Shop Kota Bahru,Mini Convenience Shop,vxmb00103v,4301_MCS_ROHM-Wako,Kelantan,18-Dec-19,,FGL2250128V,YES 4G LTE,N'osairis,,YESLB0132170,8.96015E+18,01130222348@YES.MY,3G - Celcom,TNS,8.96019E+18,,,192.170.18.1/24,192.170.18.0/24,CISCO SG95D-08,DNI232603ZD,"03-78903118 (Counter Terminal 1)
TEMPORARY YEASTAR ATA","03-78903119 (Counter Terminal 2)
TEMPORARY YEASTAR ATA",,,,,"ROHM-WAKO Electronics (Malaysia) Sdn Bhd ,Lot 1320, Kawasan Perindustrian Pengkalan Chepa 2, Padang Tembak,16100, Kota Bharu, Kelantan."
109,5010,Wellness   Bandar Sunway,Wellness,vxma00074v,Wellness_Bandar_Sunway,Selangor,19-Jul-18,,FGL215091YF,TM - Unifi,Vinx,,wellness_spyramid@unifibiz,356114730,1039221401,3G - Celcom,N'osairis,8.96019E+17,,,,9 PORT SWITCH,,,356114730,356110256,356110538,356112406,,,"Wellness Bandar Sunway AEON Bandar Sunway LG2, Sunway Pyramid No. 3, Jalan PJS 11/15 Bandar Sunway 46150 Petaling Jaya Selangor Darul Ehsan"
110,5007,Wellness  Taman Maluri,Wellness,vxma00089v,5007_VAW_TamanMaluri,Kuala Lumpur,1-Aug-19,,FGL225212WA,TM - Unifi,Vinx,10mbps,wellness_maluri@unifibiz,03-92026211,1043768561,3G - Celcom,TNS,8.96019E+18,,,192.168.84.1,8 PORT SWITCH,CISCO SG95D-08 PORT,DNI22440P06,03-92026211 (Office),03-92025529 (Counter 1),03-92026865 (Counter 2),03-92028200 (Counter 3),03-92026712 (Pharmacy),,"Wellness AEON Taman Maluri, Ground Floor, AEON Maluri Taman Maluri, 52, Jalan Jejaka, Maluri, 55100, Kuala Lumpur"
111,5008,Wellness  Taman Equine,Wellness,vxma00081v,VAW_ TamanEquine,Kuala Lumpur,14-Nov-18,,FGL2231920S,TM - Unifi,Vinx,10mbps,wellness_tmnequine1@unifibiz,,,3G - Celcom,TNS,8.96019E+18,,,,11 PORT SWITCH,SG95D-08,DNI204906SX,03-89576463 (ATA),03-89576292 (BTU),03-89579334 (BTU),,,,"Wellness Taman Equine, LG17, Lower Ground Floor,  AEON Mall Taman Equine, No.2, Jalan Equine Taman Equine, Bandar Putra Permai, 43300, Seri Kembangan, Selangor"
112,5087,Wellness ABG Falim,Wellness,vxmb00093v,5087_VAW_Falim,Perak,21-Jun-19,,FGL225212WC,TM - Streamyx,Vinx,2mbps,w_falim@streamyx,05-2810426,,3G - Digi,TNS,8.96016E+19,,,192.168.83.1/24,8 PORT SWITCH,CISCO SG95D-08 PORT,DNI1924009P,05-2810584,05-2810495,,,,,"Wellness AEON Big Falim,Lot G43A, Ground Floor,AEON Big Midtown Falim,No. 1, Hala Falim 1, Taman Mas Jaya, Falim,30200 Ipoh, Perak"
113,5022,Wellness ABG Penang Prai,Wellness,vxmb00048v,VAW_ABGpenangprai,Penang,30-Sep-16,,FGL204023KY,TM - Streamyx,Vinx,2mbps,abg_wsp@streamyx,6043901536,U600301565003,3G - Digi,TNS,8.96016E+19,,,192.168.16.1,8 PORT SWITCH,,,04-3901592 (A60019-889-8902),04-3901466,04-3900716,04-3900517,,,"AEON BIG Penang Prai, LOT F 2.29, F 2.30, AEON BIG PENANG PRAI, 2929 Jalan Kelisa Emas 1, Seberang Jaya, 13700 Perai, Penang"
114,5048,Wellness ABG Puchong Utama,Wellness,vxma00057v,VAW_Puchongutama,Selangor,25-May-15,,FGL204023HS,TM - Streamyx,Vinx,2mbps,wellpu@streamyx,60380600768,U600360814204,3G - Maxis,TNS,8.96001E+18,,,192.168.11.1,8 PORT SWITCH,,,03-80600461 (A60025-376-7002),03-80600597,03-80600867,,,,"Lot G.01, Persiaran Puchong Utama 47100 Puchong, Selangor Darul Ehsan"
115,5019,Wellness ABG Subang Jaya,Wellness,vxma00037v,VAW_ABGsubangjaya,Selangor,1-Aug-16,,FGL204023K6,TM - Unifi,Vinx,5mbps,abg_w.subang.jaya16@unifibiz,60356113754,1030988263,3G - Digi,TNS,8.96016E+19,,,192.168.2.1,8 PORT SWITCH,,,Tel 1 : 03-56113754,Tel 2 : 03-56111940 (credit card),TM ATA Phone 1 : 03-56114221 (credit card),TM ATA Phone 1 : 03-56114523 (credit card),"03-56210486 (A60014-320-7405)
03-56210293/03-55245897",,"Lot G12, Ground Floor, AEON BIG Subang Jaya Shopping Centre, No. 3, Jalan SS16/1, 47500 Subang Jaya, Selangor"
116,5029,Wellness ABG Wangsa Maju,Wellness,vxma00038v,VAW_ABGwangsamaju,Kuala Lumpur,8-Aug-16,,FGL204023KZ,TM - Streamyx,Vinx,2mbps,ninx123@streamyx,60341420573,U600296507104,3G - Celcom,TNS,8.96019E+17,,,192.168.4.1,8 PORT SWITCH,,,03-41420751 (A60018-232-3509),03-41420758,03-41421544,03-41421670,,,"AEON BIG Wangsa Maju Lot F2.32, AEON BIG Wangsa Maju Shopping Centre, No 6, Jalan 8/27A, Section 5, Wangsa Maju, 53300 KL"
117,5043,Wellness Aman Sentral,Wellness,vxmb00051v,VAW_Amansentral,Kedah,12-Nov-15,,FGL204023KL,TM - Streamyx,Vinx,2mbps,aeonas@streamyx,04-7304900,U600360814801,3G - Maxis,TNS,8.96001E+18,,,192.168.36.1,8 PORT SWITCH,,,04-7313423 (Phone at server room),04-7313842 (cc1),04-7313844 (cc 2),,,,"AEON Wellness Aman Central, L3-30,No1, Aman Central,Lebuhraya Darul Aman, 05100 Alor Setar,Kedah Darul Aman."
118,5088,Wellness Ampang Point,Wellness,vxma00093v,5088_VAW_AmpangPoint,Selangor,20-Sep-19,,FGL225212W8,TM - Unifi,Vinx,10mbps,wellness_ampangp@unifibiz,,,3G - Maxis,TNS,8.96001E+18,,,192.168.88.1/24,8 PORT SWITCH,SG95D - 08,DNI22440P04,03-42664271 (Office Line),03-42654917 (Line 1),03-42668076 (Line 2),,,,"Lot G06, Grd Floor, Ampang Point Shopping Centre, Jalan Mamanda 3, Ampang 68000 Selangor"
119,5014,Wellness AMY Ampang Utara (AU2),Wellness,vxma00043v,VAW_Amyampangutara,Selangor,27-Sep-16,,FGL204023HJ,TM - Unifi,Vinx,5mbps,amy_w.au2@unifibiz,60342652019,1031440108,3G - Digi,TNS,8.96016E+19,,,192.168.5.1,8 PORT SWITCH,,,03-42510758 (A60018-301-3209),03-42511361,03-42511362,03-42511364,,,"Setiawangsa, Ground Floor, No.6 Jalan Taman Setiawangsa (Jalan 37/56), AU2, Taman Keramat, 54200 Kuala Lumpur"
120,5026,Wellness AMY Bandar Puchong,Wellness,vxma00039v,VAW_Amybandarpuchong,Selangor,8-Aug-16,,FGL204023K9,TM - Streamyx,Vinx,2mbps,amybdpcg@streamyx,60380620246,U600296429804,3G - Celcom,TNS,8.96019E+17,,,192.168.11.1,8 PORT SWITCH,,,03-80700354 (A60019-666-1803),03-80700166,03-80700356,03-80700743,,,"Wellness Bandar Puchong, AEON Bandar Puchong Shopping Centre, Lot G40, IOI Mall Batu 9, Jalan Puchong Bandar Puchong Jaya, 47100 Puchong, Selangor"
121,5017,Wellness AMY Bandaraya Melaka,Wellness,vxmb00042v,VAD_AmyBndryaMelaka,Melaka,27-Sep-16,,FGL204023JB,TM - Streamyx,Vinx,2mbps,well_bm@streamyx,62811167,U600337960703,3G - Digi,TNS,8.96016E+19,,,192.168.6.1,8 PORT SWITCH,,,06-2816206 (A60018-550-5610),06-2817132,06-2814050,06-2814041,,,"AEON Bandaraya Melaka, Lot G93, No.2, Jalan Legenda, Taman 1 - Legenda, 75400 Melaka"
122,5027,Wellness AMY Bukit Mertajam,Wellness,vxmb00039v,VAW_Amybukitmertajam,Penang,19-Aug-16,,FGL204023JR,TM - Unifi,Vinx,5mbps,amy_w.bukitmertajam@unifibiz,6045400426,1031175183,3G - Maxis,TNS,8.96001E+18,,,192.168.12.1,8 PORT SWITCH,,,04-5307636 (D94803-354-2001),04-5307641,04-5307643,04-5307644,,,"Wellness BTM, AEON MALL Bukit Mertajam, GF, AEON Mall Bukit Mertajam, Jalan Rozhan Alma, 14000 Bukit Mertajam, Pulau Pinang"
123,5015,Wellness AMY Bukit Tinggi,Wellness,vxma00046v,VAW_Amybukittinggi,Selangor,28-Sep-16,,FGL204023KT,TM - Unifi,Vinx,5mbps,amy_w.btinggi@unifibiz,60333180631,1016965312,3G - Celcom,TNS,8.96019E+18,,,192.168.7.1,8 PORT SWITCH,,,03-33221109 (A60018-744-0105),03-33232730,03-33232735,03-33232743,,,"No 1, Persiaran Batu Nilam 1/KS 6, Bandar Bukit Tinggi 2, 41200 Klang, Selangor Darul Ehsan."
124,5055,Wellness AMY Cheras Selatan,Wellness,vxma00052v,VAW_Amycherasselatan,Kuala Lumpur,1-May-16,,FGL204023J1,TM - Unifi,Vinx,30mbps,wellnessaeoncselatan@unifibiz,"03-90824897
03-90814896
03-90821073",1044910444,3G - Maxis,TNS,8.96001E+18,,,192.168.47.1,8 PORT SWITCH,,,03-90821073,03-90824897,,,,,"Aeon Selatan Shopping Centre Level Cheras?, Jalan S 1/1, Tun Hussein Onn, 43200 Cheras, Selangor, Malaysia"
125,5040,Wellness AMY Intermark,Wellness,vxma00045v,VAW_Intermark,Kuala Lumpur,23-Sep-16,,FGL204023GQ,TM - Unifi,Vinx,5mbps,amy_w.intermark@unifibiz,03-21812803,1031452210,3G - Digi,TNS,8.96016E+19,,,192.168.30.1,8 PORT SWITCH,,,03-21610224 (A60024-964-8710) - Office,03-21610527,03-21610593,,,,"Lot C-08, Concourse Floor, The Intermark, 348, Jalan Tun Razak, 56400 Kuala Lumpur"
126,5024,Wellness AMY Ipoh Station 18,Wellness,vxmb00044v,VAW_Amyipohstation18,Perak,29-Sep-16,,FGL204023J9,TM - Streamyx,Vinx,2mbps,amywip18@streamyx,6053214689,U600301487302,3G - Digi,TNS,8.96016E+19,,,192.168.9.1,8 PORT SWITCH,,,05-3212706 (A60019-206-3806),05-3211561,05-3212491,05-3213818,,,"Lot G11, Ground Floor, AEON Ipoh Station 18 Shopping Centre, No.2, Susuran Stesen 18, Station 18, 31650, Ipoh"
127,5047,Wellness AMY Kinta City,Wellness,vxmb00050v,VAW_Amykintacity,Perak,7-Feb-16,,FGL204023KM,TM - Streamyx,Vinx,1mbps,nosaisip@streamyx,05-5453750,U600360817504,3G - Maxis,TNS,8.96001E+18,,,192.168.48.1,8 PORT SWITCH,,,05-5451854,05-5452297,,,,,"Aeon Kinta City Shopping Centre, Lot G32, No 2, Jalan Teh Lean Swee, Off Jalan Sultan Azlan Shah Utara, 31400 Ipoh, Perak"
128,5049,Wellness AMY Klebang,Wellness,vxmb00045v,VAW_Amyklebang,Perak,29-Feb-16,,FGL204023KQ,TM - Streamyx,Vinx,8mbps,wellkleb@streamyx,05-2911707,U600360818210,3G - Maxis,TNS,8.96001E+18,,,192.168.64.1,8 PORT SWITCH,,,05-2911707 (U60026-282-0106),,,,,,"AEON Ipoh Klebang, Lower Ground Floor, AEON Mall Ipoh Klebang, Lot 12080, Klebang Perdana, 31200 Chemor, Perak"
129,5052,Wellness AMY Kota Bharu,Wellness,vxmb00049v,VAW_Amykotabharu,Kelantan,7-Apr-16,,FGL204023K2,TM - Unifi,Vinx,30mbps,wellnessaeonkbharu@unifibiz,"09-7405327
09-7405710
09-7405517",1044913760,3G - Celcom,TNS,8.96019E+18,,,192.168.45.1,8 PORT SWITCH,,,09-7405710,09-7405517,,,,,"AEON Wellness Kota Bharu, Kampung Lembah Sireh, 15050 Kota Bharu, Kelantan, Malaysia"
130,5016,Wellness AMY Kulai Jaya,Wellness,vxmb00043v,VAW_Amykulaijaya,Johor,28-Sep-16,,FGL204023J6,TM - Unifi,Vinx,5mbps,amy_w.kulaijaya@unifibiz,6076600039,1031488388,3G - Maxis,TNS,8.96001E+18,,,192.168.28.1,8 PORT SWITCH,,,07-6607332 (Office),07-6600435 (Counter 1),07-6600137 (Counter 2),,07-6622382 (A60013-308-5510),,"GF AEON Kulaijaya Shopping Mall, Persiaran Indahpura Utama, Bandar Indahpura, 81000 Kulaijaya, Johor."
131,5018,Wellness AMY Metro Prima,Wellness,vxma00047v,VAW_Amymetroprima,Kuala Lumpur,25-Sep-16,,FGL204023LB,TM - Unifi,Vinx,5mbps,amy_w_metroprima@unifibiz,60362412504,1031460965,3G - Maxis,TNS,8.96001E+18,,,192.168.8.1,8 PORT SWITCH,,,03-62501164 (A60018-986-4509),03-62500439,03-62501406,03-62503027,,,"AEON Metro Prima Lot G49G, Ground Floor, AEON Metro Prima Shopping Centre, No. 1, Jalan Metro Prima, Kepong 52100 KL"
132,5005,Wellness AMY Midvalley,Wellness,vxma00035v,VAW_Amymidvalley,Kuala Lumpur,12-Aug-16,,FGL204023KU,TM - Unifi,Vinx,5mbps,amy_w.midvalley@unifibiz,60322010812,1031110172,3G - Maxis,TNS,8.96001E+18,,,192.168.49.1,8 PORT SWITCH,,,03-22831926 (D91957-096-4104),,,,,,Unit AT3 Mid Valley Megamall Mid Valley City Lingkaran Syed Putra 59200 Kuala Lumpur
133,5051,Wellness AMY Shah Alam,Wellness,vxma00049v,VAW_Amyshahalam,Selangor,3-Sep-16,,FGL204023LC,TM - Unifi,Vinx,30mbps,wellness_amyshahalam@unifibiz,03 55241207,1042432953,3G - Celcom,TNS,8.96019E+17,,,192.168.44.1,8 PORT SWITCH,,,03-55245897 (Phone),03-55245896,,,,,"Wellness Shah Alam AEON CO. (M) BHD. No. 1, Jalan Akuatik 13/64 Seksyen 13 40100 Shah Alam Selangor"
134,5028,Wellness AMY Taiping,Wellness,vxmb00047v,VAW_Amytaiping,Perak,30-Sep-16,,FGL204023H4,TM - Streamyx,Vinx,4mbps,amy_wtai@streamyx,6058012848,U600301494508,3G - Celcom,TNS,8.96019E+17,,,192.168.13.1,8 PORT SWITCH,,, 05-8012848 (A60021-019-2301) -  Internet & Office Phone,"05-8048700 - 
Casher Counter 1","05-8048701 - 
Casher Counter 2","05-8048702 - 
Casher Counter Pharmacy","05-8048703 - 
No Patching/Not Used",,"AEON Mall Taiping, Pusat Membeli-Belah AEON, Lot 8576, 8577 Jalan Kamunting, 34000 Taiping, Perak"
135,5035,Wellness AMY Wangsa Maju,Wellness,vxma00048v,VAW_Amywangsamaju,Kuala Lumpur,26-Sep-16,,FGL204023KH,TM - Unifi,Vinx,5mbps,amy_w.wangsamaju@unifibiz,60341312994,1031461120,3G - Celcom,TNS,8.96019E+17,,,192.168.23.1,8 PORT SWITCH,,,03-41421068 (A60019-106-9508),03-41420094,03-41420987,,,,"AEON Wangsa Maju, Lot G28, Ground Floor, AEON Wangsa Maju and Alpha Angie Shopping Centre, Jalan R1, Seksyen 1, Bandara Baru Wangsa Maju, 53300 KL"
136,5075,Wellness Arkadia,Wellness,vxma00073v,VAW_Arkadia,Kuala Lumpur,1-Jun-18,,FGL2150922Y,TM - Unifi,Vinx,100mbps,amy_wlness.arkadia@unifibiz,03-62615994,,3G - Celcom,TNS,8.96019E+18,,,192.168.39.1,8 PORT SWITCH,SG95D-08,DNI2037027B,03-62615994 (Office),03-62626661 (Credit Card),03-62618723 (Credit Card),03-62624291 (Credit Card),,,"B-G-16, GROUND FLOOR, PLAZA ARKADIA, NO.3, JALAN INTISARI PERDANA, DESA PARKCITY, 52200 KUALA LUMPUR"
137,5025,Wellness Atria,Wellness,vxma00040v,VAW_Atria,Selangor,27-Aug-16,,FGL204023GT,TM - Unifi,Vinx,100mbps,wellness_atria@unifibiz,60377316349,1026258663,3G - Maxis,TNS,8.96001E+18,,,192.168.10.1,8 PORT SWITCH,,,03-77325347 (1026258663),03-77318329,03-77316349,07-77312717,,,"C5 and C6, Concourse Floor, Atria Shopping Gallery, Atria Damansara, Jalan SS22/23, Damansara Jaya, 47400 Petaling Jaya, Selangor Darul Ehsan"
138,5056,Wellness Bandar Dato’ Onn (Kempas),Wellness,vxmb00065v ,VAW_Kempas,Johor,14-Aug-17,,FGL210421ZP,TM - Unifi,Vinx,100mbps,amy_w.kempas@unifibiz,6073648307,1034638401,3G - Digi,TNS,8.96016E+19,,,192.168.59.1,8 PORT SWITCH,,,07-3504759,07-3647408,07-3642140,,,,"Lot G-01, Ground Floor, AEON Mall Bandar Dato’ Onn, No. 3, Jalan Dato’ Onn 3, Bandar Dato’ Onn, 81100 Johor Bahru."
139,5006,Wellness Bandar Utama,Wellness,vxma00076v,VAW_BandarUtama,Selangor,7-Sep-18,,FGL221392JP,TM - Unifi,Vinx,10mbps,wellness_butama@unifibiz,03-77314578,,3G - Maxis,TNS,8.96001E+18,,,192.168.70.1,8 PORT SWITCH,AT-FSW708,"04B160100168
04B152200757",03-77314578 (Office),03-77313643 (Credit card),03-77314718 (Credit card),03-77317194 (Credit card),,,"Wellness Bandar Utama, Ground Floor, AEON Bandar Utama, No.1, Lebuh Bandar Utama, Bandar Utama Damansara,47800,Petaling Jaya, Selangor"
140,5067,Wellness Bangsar South The Sphere,Wellness,vxma00072v,VAW_TheSphere,Kuala Lumpur,19-Jan-18,,FGL210421ZM,TM - Unifi,Vinx,100mbps,wellness1@unifibiz,03-22421892,1044913992,3G - Digi,TNS,8.96016E+19,,,192.168.3.1,8 PORT SWITCH,SG95D-08,DNI204906TE,03-22422101 (Credit card),03-22420623 (Credit card),03-22423218 (Credit card),03-22421892 (Office),,,"Wellness The Sphere, Unit LG-1A & 1B, Level LG, The Sphere, No.1, Avenue 1, Bangsar South,No.8, Jalan Kerinchi, 59200 Kuala Lumpur."
141,5091,Wellness Bele Time,Wellness,vxmb00101v,5091_VAW_BeleTime,Johor,5-Dec-19,,FGL225013BU,TM - Unifi,Vinx,10 Mbps,welllness_dangabay@unifibiz,03-56114730,,3G - Maxis,TNS,8.96001E+18,,,192.168.94.1,92.168.94.0,CISCO SG95D-08,DNI232603V5,07 - 2209210 (office),07 - 2209741 (terminal 1),07 - 2209571 (terminal 2),,,,"Lot G-35, Ground Floor, Beletime Danga Bay Shopping Mall, Danga Bay, Jalan Skudai, 80200 Johor Bahru. "
142,5011,Wellness Bukit Indah,Wellness,vxmb00062v,VAW_Bukitindah,Johor,18-Apr-17,,FGL21042200,TM - Streamyx,Vinx,2mbps,wellbina@streamyx,07-2323076,U600360823702,3G - Digi,TNS,8.96016E+19,,,192.168.56.1,8 PORT SWITCH,,,,,,,,,"1st Floor, No. 8, Jalan Indah 15/2, Bukit Indah, 81200 Johor Bahru, Johor Darul Takzim"
143,5070,Wellness Danau Kota,Wellness,vxma00086v,VAW_DanauKota,Kuala Lumpur,13-Dec-18,,FGL204023GR,TM - Unifi,Vinx,10mbps,wellness_danaukota@unifibiz,03-41310757,,3G - Maxis ,TNS,8.96001E+18,,,192.168.77.1,13 PORT SWITCH,SG95D-08,DNI2037027G,"ATA MODEL: DVG-5004S
ATA SERIAL NO: ATANEPDL1805000513",03-41310757 (Office),03-41314067 (credit card 1),03-41315027 (credit card 2),,,"Wellness Danau Kota, Lot G2, AEONBIG DANAU KOTA, LOT PT9834, Jalan Langkawi, Taman Danau Kota, Mukim Setapak, 53300 Kuala Lumpur"
144,5061,Wellness Dataran Pahlawan,Wellness,vxmb00059v,VAW_Dataranpahlawan,Melaka,13-Oct-16,,FGL204023Z4,TM - Streamyx,Vinx,4mbps,welldpm@streamyx,06-2811348,U600360824603,3G - Celcom,TNS,8.96019E+17,,,192.168.51.1,8 PORT SWITCH,,,,,,,,,"AEON CO. (M) BHD. Lot BD-077, BD-078, BD-091, BD-091a, BD-092, BD-093, BD-093a, Lower Ground, Dataran Pahlawan Melaka Megamall, Jalan Merdeka, Bandar Hilir, 75000 Melaka"
145,5095,Wellness Desa Park City,Wellness,vxma00097v,5095 _VAW_DesaPark,Kuala Lumpur,25-Oct-19,,FGL23031016,TM - Streamyx,Vinx,2mbps,w_desapc,03-62701269,,3G - Maxis,TNS,8.96001E+18,,,192.168.91.1/24 ,,SG95D - 08,DN1212000TB,03-62701292 ,03-62701284 ,,,,,"FF-28, First Floor, The Waterfront @ Parkcity, No 5, Persiaran Residen, Desa Park City, Kuala Lumpur"
146,5066,Wellness Evo Bangi,Wellness,vxma00070v,VAW_BangiEvo,Selangor,18-Dec-17,,FGL21042209,TM - Unifi,Vinx,10mbps,evo188@unifibiz ,03-89229698,1044914180,3G - Celcom,TNS,8.96019E+18,,,192.168.63.1,8 PORT SWITCH,,,03-89229952 (Credit card),03-89280952,03-89229865  (Credit card),03-89229698 (Office),,,"G09, Ground Floor, EVO Shopping Centre, Seksyen 9, 43650, Bandar Baru Bangi, Selangor"
147,5064,Wellness Ikano,Wellness,vxma00066v,VAW_ikanopower,Kuala Lumpur,31-Jul-07,,FGL210421ZU,TM - Unifi,Vinx,10mbps,wellnessikano@unifibiz,"03-77323595
03-77322246
03-77321041
03-77312374",1044916318,3G - Digi,TNS,8.96016E+19,,,192.168.58.1,8 PORT SWITCH,,,03-77312374 (Credit card),03-77323595 (Credit card),03-77322246 (Credit card),03-77321041 (Manager room),,,"LG1.17 &LG1.18 Lower Ground 1, IPC Shopping Centre, NO.2, Jalan PJU 7/2, Mutiara Damansara, 47800 Petaling Jaya, Selangor."
148,5073,Wellness Kiara,Wellness,vxma00080v,VAW_Kiara,Kuala Lumpur,15-Nov-18,,FGL22319212,TIME,Vinx,20Mbps,billing829@timebb (bud203132g),TBBN203132G,4.78E+11,3G - Maxis,TNS,8.96001E+18,,,,12 PORT SWITCH,SG95D-08,DNI204906X4,03-64113865 (Office),03-64113866 (Credit card),03-64113867 (Credit card),,,,"Wellness 163 Kiara, LG1-15, Lower Ground Floor,163 Retail Park, No.8 Jalan Kiara, Mont. Kiara, Kuala Lumpur."
149,5059,Wellness KL Gateway,Wellness,vxma00065v,VAW_KLGateway,Kuala Lumpur,29-Apr-17,,FGL210421ZX,Maxis - Unifi,N'osairis,16mbps,409026@public.maxis.com.my,2137235749 (409026),,3G - Maxis ,TNS,8.96001E+18,,,192.168.55.1,8 PORT SWITCH,,,03-28569158 (Manager room),03-28569159 (Credit card),03-28569160 (Credit card),,,,"LOT UG-09 & UG-10, PUSAT BELI BELAH KL GATEWAY, NO. 2, JALAN KERINCHI, GERBANG KERINCHI LESTARI, 59200, KUALA LUMPUR"
150,5078,Wellness Kluang Mall,Wellness,vxmb00082v,VAW_KluangMall,Johor,6-Dec-18,,FGL22339331,TM - Streamyx,Vinx,2mbps,w_klgmal,,,3G - Digi,TNS,8.96016E+19,,,192.168.76.1,13 PORT SWITCH,SG95D-08,DNI201907SC,07-7711318 (Office),07-7711370 (Credit card) Counter1,07-7711418 (Credit card) Counter2,,,,"Wellness Kluang Mall, Lot 1-42A, 1-43 & 1-43A, Kluang Mall, Jalan Rambutan,  Bandar Kluang, 86000 Kluang, Johor"
151,5069,Wellness Kuching Central,Wellness,vxmb00074v,VAW_KuchingCentral,Kuching,27-Mar-18,,FGL210421ZT,TM - Unifi,Vinx,100mbps,amy_w.kuching@unifibiz,08-2237055,,3G - Celcom,TNS,8.96019E+18,,,192.168.41.1,8 PORT SWITCH,SG95D-08,DNI21150BC7,082 232034 Dlink Port 1,082 232861 Dlink Port 2,082 232927 Dlink Port 3,082 232752 Modem Tel 1,082 237055 Modem Tel 2,,"LOT G40 & 41, AEON MALL KUCHING CENTRAL, NO.88, JALAN DATUK PATINGGI HAJI AHMAD ZAIDI ADRUCE, 93200 KUCHING, SARAWAK."
152,5080,Wellness Kulim Central,Wellness,vxmb00100v,,Kedah,11-Dec-19,,FGL225013BX,TM Unifi,Vinx,10 Mbps,wellness_kulimc@unifibiz,6044904993,,3G - Celcom,TNS,8.96019E+17,,,192.168.92.1/24 ,,CISCO SG95D-09,DNI2326041P,04-4904993 (Office) - ATA,04-4904543 (Terminal 1),04-4957616 (Terminal 2),,,,"Lot 10 1F-25, First Floor, Kulim Central, No 1, Jalan KLC Satu (1), 09000 Kulim, Kedah"
153,5068,Wellness Mahkota Parade,Wellness,vxmb00072v,VAW_MahkotaParade,Melaka,1-Feb-18,,FGL210421ZG,TM - Streamyx,Vinx,2mbps,amy_wmp@streamyx,6062813537,U600334546204,3G - Maxis,TNS,8.96001E+18,,,192.168.65.1,8 PORT SWITCH,SG95D-08,DNI21150B9U,06-2813428 (Credit card) ,06-2813485 (Credit card),06-2813514 (Credit card) ,06-2813483 (Pharmacy) ,06-2813537 (Office),,"Lot G09, Ground Floor, Mahkota Parade, No.1, Jalan Merdeka, 75000 Melaka."
154,5065,Wellness Medini,Wellness,vxmb00071v,,Johor,8-Dec-17,,FGL2104220E,TM - Unifi,Vinx,10mbps,wellnessmedini1@unifibiz,07-5539442,1044923819,3G - Maxis,TNS,8.96001E+18,,,192.168.62.1,8 PORT SWITCH,,,Tel 2 : 075539246 (Modem),Phone 2 :  07-5226917 (ATA),Phone 3 : 07-5226975 (ATA), Tel 1 : 07-5539442 (Modem),,,"Lot G03, Grd Floor, Mall of Medini at Medini North, No. 4, Lebuh Medini Utara, Medini Iskandar Malaysia, 79200 Iskandar Puteri, Johor"
155,5079,Wellness Nilai,Wellness,vxmb00087v,VAW_Nilai,N9,2-Jan-19,,FGL204023GL,TM - Unifi,Vinx,10mbps,welness_amynilai@unifibiz,67948776,,3G - Maxis,TNS,8.96001E+18,,,192.168.78.1  ,13 PORT SWITCH,AT-FSW708,04B160900462/04B160100927,06-7948776,06-7909408,06-7948768,06-7940964,06-7948136,,"G-A-01,Ground Floor, AEON Nilai Mall, No.2, Persiaran Pusat Bandar Putra Point, Putra Nilai, 71800, Nilai, Negeri Sembilan."
156,5094,Wellness Palm Mall,Wellness,vxmb00098v,5094_VAW_PalmMall,N9,4-Oct-19,,FGL2303102X,TM - Streamyx,Vinx,2mbps,w_palmll@streamyx,,,3G - Maxis,TNS,8.96001E+18,,,192.168.90.1,8 PORT SWITCH,CISCO SG95D-08,DNI2237079K,06-7613502 (Office),06-7613645 (Terminal 1),06-7613597 (Terminal 2),,,,"Lot G 26,27 & 28, Level G Palm Mall, Jalan Sungai Ujong,  70200, Seremban, Negeri Sembilan"
157,5013,Wellness Permas Jaya,Wellness,vxmb00076v,VAW_PermasJaya,Johor,25-May-18,,FGL221392JM,TM - Streamyx,Vinx,2mbps,amy_wapj@streamyx,,U60034016505,3G - Maxis,TNS,8.96001E+18,,,192.168.40.1,8 PORT SWITCH,SG95D-08,DNI204906YE,07-3805619,07-3805753 ,07-3805455,07-3805236,,,"G09, Ground Floor, 
AEON Permas Jaya,
 Jaya Utara, Jalan Permas 7, 
Bandar Baru Permas Jaya,
 81750,  Masai, Johor"
158,5036,Wellness Publika,Wellness,vxma00056v,VAW_Publika,Kuala Lumpur,31-Jul-15,,FGL204023GX,TM - Unifi,Vinx,5mbps,wellnesspublika@unifibiz,03-62111035,1044924023,3G - Maxis,TNS,9.60011E+17,,,192.168.42.1,8 PORT SWITCH,,,03-62010272,03-62010119,03-62010114,,,,"PUBLIKA, Lot 18, Level UG, Jalan Dutamas 1, Hartamas Heights 50480 Kuala Lumpur"
159,5009,Wellness Queensbay Mall,Wellness,vxmb00063v,VAW_Queensbay,Penang,16-May-17,,FGL2104220G,TM - Unifi,Vinx,10mbps,wellnessqueensbay1@unifibiz,04-6119813,1044926622,3G - Digi,TNS,8.96016E+19,,,192.168.57.1,8 PORT SWITCH,,,04-6411946 (Counter),04-6411912 (Counter),04-6411049 (Manager room) ,04-6412241 (Pharmacy)  ,,,"WELLNESS SUNWAY CARNIVAL MALL AEON CO. (M) BHD. Lot LG-25, Lower Ground Floor, 3068, Jalan Todak, Pusat Bandar Seberang Jaya, 13700 Seberang Jaya, Pulau Pinang"
160,5032,Wellness Quill City,Wellness,vxma00084v,VAW_QuillCity,Kuala Lumpur,30-Nov-18,,FGL204023J3,TM - Unifi,Vinx,10mbps,wellness_quillcity@unifibiz,03-22027689,1041078625,3G - Maxis,TNS,8.96001E+18,,,192.168.75.1  ,13 PORT SWITCH,AT-FSW708,04B160900478,03-22028104 (Pharmacy Counter),03-22028925 (Credit card),03-22027689 (Office),03-22027553 (Credit card)?,,,"Wellness Quill City Lower Ground Floor Lot-21,G-30,1-30,2-40 & 3-63 Quill City Mall, No 1018,Jalan Sultan Ismail Kuala Lumpur."
161,5084,Wellness R&F Mall,Wellness,vxmb00094v,5084_VAW_R&FMall,Johor,21-Jun-18,,FGL225212W7,TIME ,Vinx,20Mbps,,TBBN296195G ,,3G - Maxis,TNS,8.96001E+18,,,192.168.82.1,8 PORT SWITCH,CISCO SG95D-08 PORT,DNI203702AK,03-27242911,03-27242912,07-2783495,07-2783496,,,"Wellness R&F Mall, G-142 & G-143, Ground Floor, R&F Mall, Jalan Tanjung Puteri 1, R&F Tanjung Puteri, 80300 Johor Bahru, Johor."
162,5086,Wellness Saradise Mall,Wellness,vxmb00092v,5086_VAW_Saradise,Kuching,18-Apr-19,,FGL225212W3,TM - Unifi,Vinx,10mbps,wellness_saradise@unifibiz,,,3G - Celcom,TNS,8.96019E+18,,,192.168.81.1 ,9 PORT SWITCH,CISCO SG95D-09,DNI22440P1Z,Phone 1: 082-454718,Phone 2: 082-459517,Phone 3: 082-460114,,,,"Wellness Saradise Kuching, Level 1 of Sublot 18, Block B1, Saradise Mall, Jalan Stutong, 93350, Kuching, Sarawak"
163,5076,Wellness Section 17,Wellness,vxma00079v,VAW_Section17,Selangor,8-Nov-18,,FGL2231920V,TIME,Vinx,20Mbps,billing477@timebb (bue207158g),TBBN207158G,4.91E+11,3G - Digi,TNS,8.96016E+19,,,,10 PORT SWITCH,CISCO SG94D-08,DNI204906VX,03-76229315 (Office),03-76229316 (Pharmacy),03-76229317 (Credit card),03-76229318 (Credit card),,,"Wellness Section 17 (Seventeen Mall)No.998, Level L1-01, Jalan 17/38, Seksyen 17, 46400 Petaling Jaya, Selangor."
164,5074,Wellness Segamat Central,Wellness,vxmb00077v,VAW_SegamatCentral,Johor,1-Aug-18,,FGL215091YN,TM - Streamyx,Vinx,2mbps, w_1sgmt@streamyx,07-9312496,U600343024509,3G - Maxis,TNS,8.96001E+18,,,192.168.67.1 ,8 PORT SWITCH,AT-FSW708, 04B154600826,07-9312496 (Office),07-9312541 (Credit card),07-9312524 (Credit card),,,,"Wellness One Segamat, Lot G13, G13A, G15,Ground Floor,  Segamat Central Shopping Centre, Jalan Kolam Air,85000 Segamat, Johor"
165,5023,Wellness Seksyen 23,Wellness,vxma00053v,VAW_Section23,Selangor,29-Apr-15,,FGL204023GM,TM - Streamyx,Vinx,4mbps,wellsha@streamyx,03-55410079,U600360825103,3G - Maxis,TNS,8.96001E+18,,,192.168.21.1,8 PORT SWITCH,,,03-55410385 (A60024-093-7709),03-55410367,03-55410284,,,,"Lot No. G.15, Jalan Dividen 23/6, Seksyen 23, 40460 Shah Alam, Selangor Darul Ehsan"
166,5093,Wellness Selayang Mall,Wellness,vxma00091v,5093_VAW_SelayangMall,Selangor,6-Sep-19,,FGL204023L2,TM - Unifi,Vinx,10mbps,well_selayangm@unifibiz,,,3G - Maxis,TNS,8.96001E+18,,,192.168.85.1/24,8 PORT SWITCH,SG95D - 08,DNI2037027C,0361271596  (Office),0361272923 (Counter 1),0361371684 (Counter 2),,,,"Lot-LG.45, Lower Ground Floor, Selayang Mall, Jalan SU9, Taman Selayang Utama, 68100, Batu Caves, Selangor"
167,5090,Wellness Solaris,Wellness,vxma00090v,5090_VAW_Solaris,Kuala Lumpur,23-Aug-19,,FGL225212VZ,TM - Unifi,Vinx,10mbps,well_solarism@unifibiz,,,3G - Celcom,TNS,8.96019E+18,,,192.168.89.1/24,8 PORT SWITCH,SG95D - 08,DNI22440P04,03-62061293 (Office),03-62062609 (Counter 1),03-62061377 (Counter 2),,,,"Wellness Solaris Mont Kiara, No.21, Grd Floor, Jalan Solaris 4, Solaris Mont Kiara, Off Jalan uta Kiara, 50480, Kuala Lumpur."
168,5072,Wellness Southkey Megamall,Wellness,vxmb00080v,5072_VAW_SouthKey,Johor,11-Apr-19,,FGL225212W6,TIME ,Vinx,20mbps,,TBBN251535G,5.81E+11,3G - Celcom,TNS,8.96019E+18,,,192.168.73.1,8 PORT SWITCH,CISCO SG95D-08,"DNI22440P1Q
DNI22440P1D",07-2673990,07-2673991,07-2673995,07-2673996,07-2673997,07-2673998,"Wellness Midvalley Southkey, F032 & F033, 1st Floor, The Mall Midvalley Southkey, Persiaran Southkey 1, Southkey, 80150, Johor Bahru, Johor"
169,5058,Wellness Sunway Carnival,Wellness,vxmb00060v,VAW_SunwayCarnival,Penang,29-Sep-16,,FGL204023J4,TM - Unifi,Vinx,1mbps,wellnesssunwaycarniv@unifibiz,04-3902072,1044926903,3G - Maxis,TNS,8.96001E+18,,,192.168.50.1,8 PORT SWITCH,,,04-3902081,04-3902093,,,,,"MALL AEON CO. (M) BHD. Lot LG-25, Lower Ground Floor, 3068, Jalan Todak, Pusat Bandar Seberang Jaya, 13700 Seberang Jaya, Pulau Pinang"
170,5050,Wellness Sunway Velocity,Wellness,vxma00060v,VAW_SunwayVelocity,Kuala Lumpur,,,FGL204023K3,TIME,Vinx,10mbps,jonie.tan@nosairis.com,TBBN077136G,2.44E+11,3G - Celcom,TNS,8.96019E+18,,,192.168.52.1,8 PORT SWITCH,,,03-27852901,03-27852902,,,,,"AEON Wellness, Lot B-01 & B-02, Basement Sunway Velocity mall, Cheras, Kuala Lumpur"
171,5037,Wellness Taiping Mall,Wellness,vxmb00046v,VAW_Taipingmall,Perak,30-Sep-16,,FGL204023HE,TM - Streamyx,Vinx,4mbps,amywtaim@streamyx,6058012858,U600301503410,3G - Maxis,TNS,8.96001E+18,,,192.168.24.1,8 PORT SWITCH,,,05-8054364 (A60020-317-4807),05-8051875,05-8054277,05-8054396,,,"Lot LG-17, LG-18, LG-19,LG-20 Lower Ground Floor Taiping Mall, Jalan Tupai 34000 Taiping Perak"
172,5008,Wellness Taman Universiti,Wellness,vxmb00081v,VAW_TamanUniversiti,Johor,10-Sep-18,,FGL2231920Y,TM - Streamyx,Vinx,10mbps,w_tmnu@streamyx (49V9QWQJ),07-5201062,,3G - Maxis,TNS,8.96001E+18,,,192.168.72.1,8 PORT SWITCH,SG95D-08 V01,DNI204906RZ,07-5201384 (Credit card),07-5201406 (Credit card),,,,,"Wellness Taman Universiti, 1st Floor,  AEON Mall Taman Universiti, No.4, Jalan Pendidikan, Taman Universiti, 81300, Skudai, Johor"
173,5057,Wellness Tasek Central,Wellness,vxmb00070v,VAW_TasekCentral,Johor,12-Aug-17,,FGL2104220J,TM - Unifi,Vinx,10mbps,wellnesstasekcentra@unifibiz,07-5627715,1044927026,3G - Digi,TNS,8.96016E+19,,,192.168.61.1,8 PORT SWITCH,,,Tel 1 : 07-5224829 (modem),Phone 2 : 07-5624476 (ATA),Phone 3 : 07-5623906 (ATA),Tel 2 : 07-5627715 (Modem),,,"L1-08, 1-09 & 1-10, Level 1, Tasek Central, No. 2, Jalan Pendekar 16, 81300 Skudai, Johor Bahru, Johor"
174,5062,Wellness Tebrau City,Wellness,vxmb00058v,VAW_TebrauCity,Johor,1-Dec-16,,FGL204023JT,TM - Streamyx,Vinx,2mbps,,07-3519211,U600360827307,3G - Celcom,TNS,8.96019E+18,,,192.168.53.1,8 PORT SWITCH,,,07-3510143,07-3510146,07-3512106,07-3511509,,,"WELLNESS TEBRAU CITY Aeon Tebrau City Shopping Centre, Lot F50 - F51, First Floor, No 1, Jalan Desa Tebrau Taman Desa Tebrau 81100 Johor Bahru Johor"
175,5077,Wellness The Spring ,Wellness,vxmb00078v,VAW_TheSpring,Kuching,26-Jul-18,,FGL204023HB,TM - Streamyx,Vinx,2mbps,w_spring@streamyx,8200230901,U600342546207,3G - Maxis,TNS,8.96001E+17,,,192.168.66.1,9 PORT SWITCH,AT-FSW708,04B160100163,8200230764,8200230794,8200230828,,,,"Wellness The Spring, Lot 140, First Floor, The Spring Shopping Mall,Persiaran Spring, 93300, Kuching, Sarawak."
176,5092,Wellness TMG MALL BIM,Wellness,vxma00095v,5092_VAW_TMGMallBIM,Pahang,11-Oct-19,,FGL23021540,TM - Unifi,Vinx,10mbps,well_tmgbim@unifibiz,,,3G - Maxis,TNS,8.96001E+18,,,192.168.86.1,8 PORT SWITCH,CISCO SG95D-08,DNI212500VA,09-5729418 (Office),09-5729432 (Counter 1),09-5729574 (Counter 2),,,,"Lot A3, Ground Floor, TMG Mall Bandar Indera Mahkota, Jalan IM 7/14, Bandar Indera Mahkota, Kuantan 25200 Pahang"
177,5098,Wellness TMG Tanjung Lumpur,Wellness,vxmb00096v,5098_VAW_TMGTLumpur,Pahang,9-Dec-19,,FGL204023JW,TM - Unifi,Vinx,10mbps,well_tmgmtl@unifibiz,,,3G - Celcom,TNS,8.96019E+18,,,192.168.87.1/24,8 PORT SWITCH,SG95D - 08,DNI203702BQ,09-5348417 - (OFFICE),09-5348149 - (COUNTER 1),09-5348271 - (COUNTER 2),,,,"Lot G-03 & Lot E,Ground Floor, TMG Mall Tanjung Lumpur, NO.PT 124756, Jalan Bandar Putra 1A, Jalan Tanjung Lumpur,  26060 Kuantan,Pahang "
178,5054,Wellness TTDI,Wellness,vxma00051v,VAW_Ttdi,Kuala Lumpur,22-Jan-16,,FGL204023HN,TM - Streamyx,Vinx,1mbps,wellttdi@streamyx,03-77100376,U600360827502,3G - Celcom,TNS,8.96019E+17,,,192.168.43.1,8 PORT SWITCH,,,03-77100578,03-77100579,,,,,"Wellness Burhanuddin Helmi Taman Tun, No. 126 Ground Floor, Jalan Burhanuddin Helmi, Taman Tun Dr. Ismail, 60000 Kuala Lumpur"
179,5085,Wellness Vivacity,Wellness,vxmb00091v,5085_VAW_Vivacity,Kuching,18-Apr-19,,FGL204023L3,Reach 10,Vinx,10mbps,,114-0252,,3G - Maxis,TNS,8.96001E+18,,,192.168.80.1,8 PORT SWITCH,CISCO SG95D-08,DNI22440P1R,Phone 1: 082-263450,Phone 2: 082-263451,Phone 3: 082-263452,,,,"Wellness Vivacity Mall, Lot L3-014, Level 3, VivaCity Mall, Jalan Wan Alwi, 93350, Kuching, Sarawak"
180,5060,Wellness Wellness Gateway@KLIA2,Wellness,vxma00068v,VAW_Gateway@KLIA2,Kuala Lumpur,30-Nov-17,,FGL204023JS,TM - Unifi,Vinx,10mbps,wellnessgatewayklia2@unifibiz,03-87878260,1044928933,3G - Digi,TNS,8.96016E+19,,,192.168.60.1,8 PORT SWITCH,,,03-87878260,03-87878141,03-87878358,,,,"L2-18 & 19, Level 2, Gateway @KLIA2, Terminal KLIA2, KL International Airport, Jalan KLIA 2/1, 64000 Sepang, Selangor"
181,8018,WH - KLPTC,WareHouse,vxmb00056v,WH_KLPTC,N9,13-Nov-18,,FGL204023L5,TM - Streamyx,Vinx,4mbps,v_klptcn@streamyx,06-7940677 ,U600345903305,3G - Celcom,N'osairis ,8.96019E+18,,,,,CISCO SG94D-08,DNI204906VX,,,,,,,"LOT 15826, JALAN NILAM 4, KAWASAN PERINDUSTRIAN NILAI UTAMA, SEREMBAN, 71800, NEGERI SEMBILAN DARUL KHUSUS."
182,8010,WH KLRDC Bangi,WareHouse,vxmb00054v,WH_Klrdcbangi,Selangor,14-Aug-16,,FGL204023J0,TM - Unifi,Vinx,20mbps,aeon.kldrc@unifibiz,03-89120546,1031124223,4G - Yes LTE,N'osairis ,YESLB0123032,8.96015E+18,01117192315@YES.MY,172.43.0.1,172.43.0.2,,,,,,,,,"ÆON Kuala Lumpur Regional Distribution Centre, Jalan 6C/12, Off Persiaran Kemajuan, Taman Persiaran Bangi, 43650 Bandar Baru Bangi, Selangor Darul Ehsan, Malaysia."
183,8017,WH PC Shah Alam,WareHouse,vxmb00055v,WH_Pc_Shahalam,Selangor,27-Aug-16,,FGL204023L4,TM - Unifi,Vinx,20mbps,amy_wh.pcshahalam@unifibiz,03-51318452,1031157140,4G - Yes LTE,N'osairis ,YESLB0122760,8.96015E+18,01117192302@YES.MY,172.63.0.1,172.63.0.2,,,,,,,,,"ÆON Co. (M) Bhd. ÆON Food Processing Centre, No.7,Jalan Sejahtera 25/124, Axis Premier Industrial Park, Seksyen 25,40400 Shah Alam, Selangor Darul Ehsan, Malaysia."
184,8013,WH SSDC Petaling Jaya,WareHouse,vxmb00057v,WH_Ssdcpj,Selangor,28-Aug-16,,FGL204023HC,TM - Streamyx,Vinx,1mbps,whssdcpj@streamyx,03-77701192,U600298403007,4G - YesLTE,N'osairis,YESLB0123045,"8960152161030700176
01117192294",01117192294@YES.MY,172.48.0.1,172.48.5.1,,,,,,,,,"Sankyu (Malaysia) Sdn. Bhd., 4, Jalan 215, Seksyen 51, 46050 Petaling Jaya, Selangor, Malaysia"
