NO,TICKET,WEEK,SEVERITY,State,SITE,SOURCE,INCIDENT START,INCIDENT END,SERVICE-IMPACT START,SERVICE-IMPACT END,SERVICE DOWNTIME,ONSITE,DESCRIPTION,ROOT CAUSE,REMARKS,REVISED BY
1,204022,5,1,Perak,PMP::A046::dmcm20281av & dmcm20281bv,Monitoring,05/01/2020 0:22:46,05/01/2020 0:27:45,,,0 days 0 hrs 0 mins ,,Site Total Down (Off-Operation Hours),Customer::Power Outage,Link is up once power resumed.,Wany
2,204181,5,3,Selangor,PMP::B025::dmcm20202av,Monitoring,04/04/2020 14:13:00,,,,0 days 0 hrs 0 mins ,,AV Wired Down,<Open Ticket>,"Issue: AV Wired monitored down
Update:  Site temporary closed between 18th march - 9th June 2020.",Wany
3,204092,5,3,KL,PMP::W036::dmcm20007av,Monitoring,04/04/2020 0:10:30,,,,0 days 0 hrs 0 mins ,,AV Wired Down,<Open Ticket>,"Issue: AV Wired monitored down
Update:  Site temporary closed between 18th march - 9th June 2020.",Wany
4,204084,5,3,KL,PMP::W033::dmcm20006av,Monitoring,05/01/2020 6:45:00,05/04/2020 23:00:30,,,0 days 0 hrs 0 mins ,,AV Wired Down,NTS::WAN Wired - Session Hang,Link monitored up after TM done reset port and refresh session,Nathasha
5,204035,5,3,KL,PMP::W094::dmcm20011bv,Monitoring,05/01/2020 2:42:00,05/01/2020 5:36:00,,,0 days 0 hrs 0 mins ,,BV Cellular Down (Celcom),NTS::WAN Wireless - Flapping,BV router monitored up after telco reset cellular network from their end.,Wany
6,204352,5,3,KL,PMP::W094::dmcm20011bv,Monitoring,05/01/2020 21:19:00,05/02/2020 1:46:00,,,0 days 0 hrs 0 mins ,,BV Cellular Down (Celcom),NTS::WAN Wireless - Flapping,BV link up once telco done reset cellular network from their end.,Wany
7,204126,5,1,Perak,PMP::A005::dmcm20247av & dmcm20247bv,Monitoring,05/01/2020 12:26:01,05/01/2020 14:30:01,,,0 days 0 hrs 0 mins ,,Site Total Down (Off-Operation Hours),Customer::Power Outage,Link is up once power resumed.,Wany
8,204360,5,1,Johor,PMP::J012::dmcm20219av & dmcm20219bv,Monitoring,05/01/2020 22:14:48,05/01/2020 22:15:47,,,0 days 0 hrs 0 mins ,,Site Total Down (Off-Operation Hours),NTS::WAN Wireless - Flapping,"AV wireless flapping & self restored. 
Remarks: AV Wired currently down (single-leg failure #201202) and both AV & BV Wireless faced signal flapping causing the site total down recently.",Wany
9,204026,5,1,Perak,PMP::A031::dmcm20268av & dmcm20268bv,Monitoring,05/01/2020 1:00:48,05/01/2020 1:04:48,,,0 days 0 hrs 0 mins ,,Site Total Down (Off-Operation Hours),Customer::Power Outage,Link is up once power resumed.,Wany
10,204586,5,1,Selangor,PMP::W006::dmcm20110av & dmcm20110bv,Monitoring,05/02/2020 15:48:00,05/04/2020 15:48:00,,,0 days 0 hrs 0 mins ,,Site Total Down (Off-Operation Hours),Customer::Power Outage,Link is up once power resumed.,Nathasha
11,204467,5,1,Perak,PMP::A029::dmcm20266av & dmcm20266bv,Monitoring,05/02/2020 10:23:16,05/02/2020 10:25:15,,,0 days 0 hrs 0 mins ,,Site Total Down (Off-Operation Hours),Customer::Power Outage,Link is up once power resumed.,Wany
12,204699,5,1,Johor,PMP::J012::dmcm20219av & dmcm20219bv,Monitoring,05/02/2020 21:52:48,05/02/2020 21:53:48,,,0 days 0 hrs 0 mins ,,Site Total Down (Off-Operation Hours),NTS::WAN Wireless - Flapping,"AV wireless flapping & self restored. 
Remarks: AV Wired currently down (single-leg failure #201202) and BV router vlan5 connection monitored down (#204724) while AV wireless flapping lead site total down.",Wany
13,204387,5,1,Johor,PMP::J012::dmcm20219av & dmcm20219bv,Monitoring,05/02/2020 6:38:48,05/02/2020 6:58:48,,,0 days 0 hrs 0 mins ,,Site Total Down (Off-Operation Hours),NTS::WAN Wireless - Flapping,"AV wireless flapping & self restored. 
Remarks: AV Wired currently down (single-leg failure #201202) and BV router vlan5 connection monitored down (#204724) while AV wireless flapping lead site total down.",Wany
14,204369,5,1,Johor,PMP::J012::dmcm20219av & dmcm20219bv,Monitoring,05/02/2020 0:32:48,05/02/2020 0:34:47,,,0 days 0 hrs 0 mins ,,Site Total Down (Off-Operation Hours),NTS::WAN Wireless - Flapping,"AV wireless flapping & self restored. 
Remarks: AV Wired currently down (single-leg failure #201202) and BV router vlan5 connection monitored down (#204724) while AV wireless flapping lead site total down.",Wany
15,204707,5,1,Johor,PMP::J012::dmcm20219av & dmcm20219bv,Monitoring,05/02/2020 23:09:48,05/03/2020 2:28:48,,,0 days 0 hrs 0 mins ,,Site Total Down (Off-Operation Hours),NTS::WAN Wireless - Flapping,"AV wireless flapping & self restored. 
Remarks: AV Wired currently down (single-leg failure #201202) and BV router vlan5 connection monitored down (#204724) while AV wireless flapping lead site total down.",Wany
16,204690,5,1,Pahang,PMP::V022::dmcm20345av & dmcm20345bv,Monitoring,05/02/2020 21:35:10,05/07/2020 21:36:10,,,0 days 0 hrs 0 mins ,,Site Total Down (Off-Operation Hours),Customer::Power Outage,Link is up once power resumed.,Wany
17,204479,5,1,Pahang,PMP::V022::dmcm20345av & dmcm20345bv,Monitoring,05/02/2020 10:59:10,05/08/2020 11:01:10,,,0 days 0 hrs 0 mins ,,Site Total Down (Off-Operation Hours),NTS::WAN Wireless - Flapping,Site is using dual 3G. AV wireless flapped for 1 min and restored while BV unable to triggered due to short downtime lead site total down.,Wany
18,204378,5,1,KL,PMP::W015::dmcm20116av & dmcm20116bv,Monitoring,05/02/2020 3:47:46,05/04/2020 9:14:45,,,0 days 0 hrs 0 mins ,,Site Total Down (Off-Operation Hours),Customer::Power Outage,Link is up once power resumed.,Nathasha
19,204724,5,3,Johor,PMP::J012::dmcm20219bv,Monitoring,04/25/2020 1:06:47,,,,0 days 0 hrs 0 mins ,,BV Router Down,<Open Ticket>,"Issue: BV router UP but VLAN5 DOWN
Update: Site temporary closed between 18th march - 9th June 2020.",Wany
20,205025,5,1,Perak,PMP::A057::dmcm20291av & dmcm20291av,Monitoring,05/03/2020 18:50:13,05/03/2020 19:01:13,,,0 days 0 hrs 0 mins ,,Site Total Down (Off-Operation Hours),Customer::Power Outage,Link is up once power resumed.,Wany
21,204934,5,2,Pahang,PMP::W076::dmcm20167av,Monitoring,05/03/2020 15:11:50,05/03/2020 19:02:50,,,0 days 0 hrs 0 mins ,,High Latency / Slow Ticket Transaction,NTS::WAN Wireless - High Latency,Site is using dual 3G. High latency issue resolved once telco reset cellular network.,Wany
22,204989,5,3,KL,PMP::W014::dmcm20002av,Monitoring,04/04/2020 17:14:40,,,,0 days 0 hrs 0 mins ,,AV Wired Down,<Open Ticket>,"Issue: AV Wired monitored down
Update:  Site temporary closed between 18th march - 9th June 2020.",Wany
23,204967,5,3,Johor,PMP::J024::dmcm20228av,Monitoring,05/03/2020 16:05:47,05/05/2020 18:27:00,,,0 days 0 hrs 0 mins ,,AV Wired Down,NTS::WAN Wired - Session Hang,Monitored link up after TM done reset port and refresh session,Nathasha
24,204824,5,2,Selangor,PMP::B015::dmcm20206av,PMP,05/03/2020 16:05:47,,,,0 days 0 hrs 0 mins ,,High Latency / Slow Ticket Transaction,<Open Ticket>,"Issue: Client escalate on the terminal showing comm retrying.
Update: Link is up via primary link DSL. Site temporary closed between 18th march - 9th June 2020.",Wany
25,204872,5,1,KL,PMP::V020::dmcm20343av & dmcm20343bv,Monitoring,05/03/2020 11:22:05,05/03/2020 16:01:05,,,0 days 0 hrs 0 mins ,,Site Total Down (Off-Operation Hours),Customer::Power Outage,Link is up once power resumed.,Wany
26,204720,5,1,Johor,PMP::J012::dmcm20219av & dmcm20219bv,Monitoring,05/03/2020 1:29:47,05/03/2020 1:35:47,,,0 days 0 hrs 0 mins ,,Site Total Down (Off-Operation Hours),NTS::WAN Wireless - Flapping,"AV wireless flapping & self restored. 
Remarks: AV Wired currently down (single-leg failure #201202) and BV router vlan5 connection monitored down (#204724) while AV wireless flapping lead site total down.",Wany
27,204767,5,3,KL,PMP::W094::dmcm20011bv,Monitoring,05/03/2020 5:13:00,05/03/2020 5:52:00,,,0 days 0 hrs 0 mins ,,BV Cellular Down (Celcom),NTS::WAN Wireless - Telco Outage,BV link up once telco rectified the issue.,Wany
28,205059,5,3,KL,PMP::W089::dmcm20010av,Monitoring,05/01/2020 9:40:00,05/04/2020 7:23:00,,,0 days 0 hrs 0 mins ,,AV Wired Down,NTS::WAN Wired - Session Hang,Link is up once TM reset the port,Nathasha
29,205038,5,1,Perak,PMP::A010::dmcm20251av & dmcm20251bv,Monitoring,05/03/2020 19:08:16,05/03/2020 19:12:15,,,0 days 0 hrs 0 mins ,,Site Total Down (Off-Operation Hours),Customer::Power Outage,Link is up once power resumed.,Wany
30,204858,5,3,KL,PMP::W068::dmcm20159av,Monitoring,05/02/2020 3:17:30,05/03/2020 14:55:20,,,0 days 0 hrs 0 mins ,,AV Wired Down,NTS::WAN Wired - Session Hang,Primary link up once telco reset port and session.,Wany
31,205156,1,1,KL,PMP::V011::dmcm20194av & dmcm20194bv,Monitoring,05/04/2020 9:36:59,05/04/2020 9:40:00,,,0 days 0 hrs 0 mins ,,Site Total Down (Off-Operation Hours),Customer::Power Outage,"Solution: Links are up once power resumed 
Remarks: BV stable once Telco reset sim network congested due to high traffic",Nathasha
32,205280,1,1,Johor,PMP::J004::dmcm20212av & dmcm20212bv,Monitoring,05/04/2020 15:17:59,05/04/2020 15:51:00,,,0 days 0 hrs 0 mins ,,Site Total Down (Off-Operation Hours),Customer::Power Outage,Link is up once power resumed.,Nathasha
33,205162,1,1,Perak,PMP::A042::dmcm20277av & dmcm20277bv,Monitoring,05/04/2020 9:43:10,05/04/2020 9:45:10,,,0 days 0 hrs 0 mins ,,Site Total Down (Off-Operation Hours),Customer::Power Outage,Link is up once power resumed.,Nathasha
34,205215,1,1,Johor,PMP::J043::dmcm20243av & dmcm20243bv,Monitoring,05/04/2020 11:36:40,05/04/2020 12:56:40,,,0 days 0 hrs 0 mins ,,Site Total Down (Off-Operation Hours),Customer::Power Outage,Link is up once power resumed.,Nathasha
35,205182,1,1,Perak,PMP::A047::dmcm20282av & dmcm20282bv,Monitoring,05/04/2020 10:13:41,05/04/2020 10:15:40,,,0 days 0 hrs 0 mins ,,Site Total Down (Off-Operation Hours),Customer::Power Outage,Link is up once power resumed.,Nathasha
36,205169,1,1,Johor,PMP::J042::dmcm20242av & dmcm20242bv,Monitoring,05/04/2020 10:05:38,05/04/2020 10:08:37,,,0 days 0 hrs 0 mins ,,Site Total Down (Off-Operation Hours),Customer::Power Outage,Link is up once power resumed.,Nathasha
37,205295,1,1,Johor,PMP::J028::dmcm20232av & dmcm20232bv,Monitoring,05/04/2020 16:34:26,05/06/2020 11:27:26,,,,,Site Total Down (Off-Operation Hours),Customer::Power Outage,Link is up once power resumed.,Nathasha
38,205316,1,3,Kedah,PMP::K013::dmcm20327bv,Monitoring,05/04/2020 18:34:00,05/05/2020 5:10:00,,,0 days 0 hrs 0 mins ,,BV Cellular Down (Celcom),NTS::WAN Wireless - Flapping,Link is up once next tier team reset cellular interface for BV wireless ,Nathasha
39,205200,1,1,Selangor,PMP::W007::dmcm20000av & dmcm20000bv,Monitoring,05/04/2020 10:44:14,05/04/2020 10:47:14,,,0 days 0 hrs 0 mins ,,Site Total Down (Off-Operation Hours),Customer::Power Outage,Link is up once power resumed.,Nathasha
40,205260,1,1,Perak,PMP::A037::dmcm20039av & dmcm20039bv,Monitoring,05/04/2020 13:23:32,05/04/2020 13:26:32,,,0 days 0 hrs 0 mins ,,Site Total Down (Off-Operation Hours),Customer::Power Outage,Link is up once power resumed.,Nathasha
41,205307,1,1,Perak,PMP::A041::dmcm20038av & dmcm20038bv,Monitoring,05/04/2020 17:50:06,05/04/2020 18:36:06,,,0 days 0 hrs 0 mins ,,Site Total Down (Off-Operation Hours),Customer::Power Outage,Link is up once power resumed.,Nathasha
42,205421,1,1,Selangor,PMP::V005::dmcm20189av & dmcm20189bv,Monitoring,05/05/2020 10:10:22,05/05/2020 10:13:22,,,0 days 0 hrs 0 mins ,,Site Total Down (Off-Operation Hours),Customer::Power Outage,Link is up once power resumed.,Nathasha
43,205651,1,1,Perak,PMP::A029::dmcm20266av & dmcm20266bv,Monitoring,05/05/2020 18:43:16,05/11/2020 10:01:16,,,0 days 0 hrs 0 mins ,,Site Total Down (Off-Operation Hours),Customer::Power Outage,Link is up once power resumed.,Nathasha
44,205496,1,1,KL,PMP::W087::dmcm20178av & dmcm20178bv,Monitoring,05/05/2020 12:21:12,05/18/2020 13:09:13,,,0 days 0 hrs 0 mins ,,Site Total Down (Off-Operation Hours),Customer::Power Outage,Link is up once power resumed.,Nathasha
45,205500,1,1,Penang,PMP::P050::dmcm30003av & dmcm30003bv,Monitoring,05/05/2020 12:28:31,,,,0 days 0 hrs 0 mins ,,Site Total Down (Off-Operation Hours),<Open Ticket>,"Issue: Site total down & pending user to verify power status
Update: Site temporary closed between 18th march - 9th June 2020.",Nathasha
46,205341,1,1,Johor,PMP::J034::dmcm20236av & dmcm20236bv,Monitoring,05/05/2020 0:47:04,05/05/2020 1:26:04,,,0 days 0 hrs 0 mins ,,Site Total Down (Off-Operation Hours),Customer::Power Outage,Link is up once power resumed.,Nathasha
47,205355,1,1,Pahang,PMP::V022::dmcm20345av & dmcm20345bv,Monitoring,05/05/2020 1:46:10,05/05/2020 1:49:10,,,0 days 0 hrs 0 mins ,,Site Total Down (Off-Operation Hours),NTS::WAN Wireless - Flapping,"Root Cause: WAN Wireless - Flapping, BV - signal weak (suspected due to outlet closed)
Solution: Link up via Self- Restored",Nathasha
48,205622,1,1,Perak,PMP::A022::dmcm20259av & dmcm20259bv,Monitoring,05/05/2020 17:19:38,05/06/2020 17:36:38,,,0 days 0 hrs 0 mins ,,Site Total Down (Off-Operation Hours),Customer::Power Outage,Link is up once power resumed.,Nathasha
49,205534,1,2,Melaka,PMP::M063::dmcm20027av,Monitoring,05/05/2020 13:40:24,05/05/2020 15:47:00,,,0 days 0 hrs 0 mins ,,AV Wired Down,NTS::WAN Wired - High Latency,This is a duplicate ticket of TM connection down and issue has been following up in ticket #201383,Nathasha
50,205680,1,1,Perak,PMP::A049::dmcm20284av & dmcm20284bv,Monitoring,05/05/2020 20:18:02,05/12/2020 9:16:02,,,0 days 0 hrs 0 mins ,,Site Total Down (Off-Operation Hours),Customer::Power Outage,Link is up once power resumed.,Nathasha
51,205656,1,1,Perak,PMP::A010::dmcm20251av & dmcm20251bv,Monitoring,05/05/2020 18:49:16,05/05/2020 21:39:16,,,0 days 0 hrs 0 mins ,,Site Total Down (Off-Operation Hours),Customer::Power Outage,Link is up once power resumed.,Nathasha
52,205568,1,3,Johor,PMP::J040::dmcm20025bv,Monitoring,04/23/2020 12:55:00,,,,0 days 0 hrs 0 mins ,,BV Router Down,<Open Ticket>,"Issue: BV router is monitored down
Update: Pending to verify on power status once the premise opens back.",Nathasha
53,205851,1,1,,Planned Maintenance Notification | <7th May 2020><Zabbix Monitoring System>,Monitoring,05/06/2020 16:18:00,05/07/2020 19:48:00,,,0 days 0 hrs 0 mins ,,,NTS::WAN - Planned Maintenance,Planned maintenance activity successfully completed,Wany
54,205914,1,1,Perak,PMP::A005::dmcm20247av & dmcm20247bv,Monitoring,05/06/2020 21:53:02,05/07/2020 4:24:02,,,0 days 0 hrs 0 mins ,,Site Total Down (Off-Operation Hours),Customer::Power Outage,Link is up once power resumed.,Wany
55,205783,1,1,Perak,PMP::A023::dmcm20260av & dmcm20260bv,Monitoring,05/06/2020 12:15:20,05/06/2020 12:17:20,,,0 days 0 hrs 0 mins ,,Site Total Down (Off-Operation Hours),Customer::Power Outage,Link is up once power resumed.,Wany
56,205790,1,1,Perak,PMP::A005::dmcm20247av & dmcm20247bv,Monitoring,05/06/2020 12:31:02,05/06/2020 15:37:02,,,0 days 0 hrs 0 mins ,,Site Total Down (Off-Operation Hours),Customer::Power Outage,Link is up once power resumed.,Wany
57,205774,1,1,Selangor,PMP::W006::dmcm20110av & dmcm20110bv,Monitoring,05/06/2020 11:56:00,,,,0 days 0 hrs 0 mins ,,Site Total Down (Off-Operation Hours),<Open Ticket>,"Issue: Site total down & pending user to verify power status
Update: Site temporary closed between 18th march - 9th June 2020.",Wany
58,205819,1,3,KL,PMP::V001::dmcm20012av,Monitoring,05/06/2020 12:04:00,,,,0 days 0 hrs 0 mins ,,AV Wired Down,<Open Ticket>,"Issue: AV Wired monitored down
Update:  Site temporary closed between 18th march - 9th June 2020.",Wany
59,205876,1,3,Perak,PMP::A043::dmcm20278av,Monitoring,05/06/2020 17:38:04,05/07/2020 7:27:03,,,0 days 0 hrs 0 mins ,,AV Wired Down,NTS::WAN Wired - Session Hang,Primary link up once telco reset port and session.,Wany
60,205752,1,1,Johor,PMP::J037::dmcm20238av & dmcm20238bv,Monitoring,05/06/2020 10:15:24,05/06/2020 10:17:24,,,0 days 0 hrs 0 mins ,,Site Total Down (Off-Operation Hours),Customer::Power Outage,Link is up once power resumed.,Wany
61,205698,1,1,Kedah,PMP::K009::dmcm20081av & dmcm20081bv,Monitoring,05/06/2020 2:05:46,05/07/2020 16:46:46,,,0 days 0 hrs 0 mins ,,Site Total Down (Off-Operation Hours),Customer::Power Outage,Link is up once power resumed.,Wany
62,205869,1,3,KL,PMP::W054::dmcm20147av,Monitoring,05/06/2020 17:35:28,,,,0 days 0 hrs 0 mins ,,AV Wired Down,<Open Ticket>,"Issue: AV Wired monitored down
Update:  Site temporary closed between 18th march - 9th June 2020.",Wany
63,205862,1,1,KL,PMP::W015::dmcm20116av & dmcm20116bv,Monitoring,05/06/2020 17:13:46,05/07/2020 10:01:46,,,0 days 0 hrs 0 mins ,,Site Total Down (Off-Operation Hours),Customer::Power Outage,Link is up once power resumed.,Wany
64,205875,1,3,KL,PMP::W023::dmcm20123av,Monitoring,05/06/2020 17:38:04,,,,0 days 0 hrs 0 mins ,,AV Wired Down,<Open Ticket>,"Issue: AV Wired monitored down
Update:  Site temporary closed between 18th march - 9th June 2020.",Wany
65,205994,1,1,Penang,PMP::P020::dmcm20305av & dmcm20305av,Monitoring,05/07/2020 13:50:45,,,,0 days 0 hrs 0 mins ,,Site Total Down (Off-Operation Hours),<Open Ticket>,"Issue: Site total down & pending user to verify power status
Update: Site temporary closed between 18th march - 9th June 2020.",Wany
66,206008,1,1,KL,PMP::W042::dmcm20137av & dmcm20137bv,Monitoring,05/07/2020 16:29:52,,,,0 days 0 hrs 0 mins ,,Site Total Down (Off-Operation Hours),<Open Ticket>,"Issue: Site total down & pending user to verify power status
Update: Site temporary closed between 18th march - 9th June 2020.",Wany
67,206037,1,1,KL,PMP::KL01::dmcm30001av & dmcm30001bv,Monitoring,05/07/2020 19:43:48,05/08/2020 8:49:49,,,0 days 0 hrs 0 mins ,,Site Total Down (Off-Operation Hours),Customer::Power Outage,Link is up once power resumed.,Wany
68,206045,1,1,Selangor,PMP::W020::dmcm20120av & dmcm20120bv,Monitoring,05/07/2020 20:38:56,,,,0 days 0 hrs 0 mins ,,Site Total Down (Off-Operation Hours),<Open Ticket>,"Issue: Site total down & pending user to verify power status
Update: Site temporary closed between 18th march - 9th June 2020.",Wany
69,205933,1,3,KL,PMP::W094::dmcm20011bv,Monitoring,05/07/2020 1:03:00,05/07/2020 1:30:00,,,0 days 0 hrs 0 mins ,,BV Cellular Down (Celcom),NTS::WAN Wireless - Flapping,BV router monitored up after telco reset cellular network from their end.,Wany
70,205986,1,3,Perak,PMP::A022::dmcm20259av,Monitoring,05/06/2020 17:34:24,05/13/2020 9:54:16,,,0 days 0 hrs 0 mins ,,AV Cellular Down (Maxis),NTS::WAN Wireless - Flapping,Link is up once power resumed after power outage (#207316),Wany
71,206070,1,1,Pahang,PMP::V022::dmcm20345av & dmcm20345bv,Monitoring,05/07/2020 23:31:11,05/07/2020 23:32:11,,,0 days 0 hrs 0 mins ,,Site Total Down (Off-Operation Hours),NTS::WAN Wireless - Flapping,Site is using dual 3G. AV wireless flapped for 1 min and restored while BV unable to triggered due to short downtime lead site total down.,Wany
72,206090,1,1,Perak,PMP::A031::dmcm20268av & dmcm20268bv,Monitoring,05/08/2020 3:16:48,05/08/2020 4:10:49,,,0 days 0 hrs 0 mins ,,Site Total Down (Off-Operation Hours),Customer::Power Outage,Link is up once power resumed.,Nathasha
73,206310,1,1,Selangor,PMP::V018::dmcm20201av & dmcm20201bv,Monitoring,05/08/2020 15:54:38,05/08/2020 15:56:38,,,0 days 0 hrs 0 mins ,,Site Total Down (Off-Operation Hours),Customer::Power Outage,Link is up once power resumed.,Nathasha
74,206156,1,1,Penang,PMP::P016::dmcm20302av & dmcm20302bv,Monitoring,05/08/2020 9:54:18,,,,0 days 0 hrs 0 mins ,,Site Total Down (Off-Operation Hours),<Open Ticket>,"Issue: Site total down & pending user to verify power status
Update: Site temporary closed between 18th march - 9th June 2020.",Nathasha
75,206215,1,3,KL,PMP::W033::dmcm20006av,Monitoring,05/08/2020 12:13:28,,,,0 days 0 hrs 0 mins ,,AV Wired Down,<Open Ticket>,"Issue: AV Wired monitored down
Update:  Site temporary closed between 18th march - 9th June 2020.",Nathasha
76,206269,1,1,Penang,PMP::P024::dmcm20308av & dmcm20308bv,Monitoring,05/08/2020 14:14:19,,,,0 days 0 hrs 0 mins ,,Site Total Down (Off-Operation Hours),<Open Ticket>,"Issue: Site total down & pending user to verify power status
Update: Site temporary closed between 18th march - 9th June 2020.",Nathasha
77,206356,1,3,N.Sembilan,PMP::N017::dmcm20342av,Monitoring,05/08/2020 17:15:00,05/08/2020 17:51:00,,,0 days 0 hrs 0 mins ,,AV Router Down,NTS::WAN Wireless - Flapping," Link up once Tier 2 team reset the cellular interface
Remarks: AV Wired  is monitored down and tracked in Ticket#195622.",Nathasha
78,206432,1,1,Perak,PMP::A005::dmcm20247av & dmcm20247bv,Monitoring,05/08/2020 22:28:02,05/09/2020 7:15:02,,,0 days 0 hrs 0 mins ,,Site Total Down (Off-Operation Hours),Customer::Power Outage,Link is up once power resumed.,Nathasha
79,206472,1,1,Johor,PMP::J012::dmcm20219av & dmcm20219bv,Monitoring,05/09/2020 6:12:49,05/09/2020 6:17:49,,,0 days 0 hrs 0 mins ,,Site Total Down (Off-Operation Hours),NTS::WAN Wireless - Flapping,"AV wireless flapping & self restored. 
Remarks: AV Wired currently down (single-leg failure #201202) and BV router vlan5 connection monitored down (#204724) while AV wireless flapping lead site total down.",Nathasha
80,206563,1,3,Johor,PMP::J040::dmcm20025av,Monitoring,05/09/2020 10:54:34,05/09/2020 12:20:35,,,0 days 0 hrs 0 mins ,,Site Total Down (Off-Operation Hours),NTS::WAN Wired - Intermittent,Link stabilise  after TM reset the port,Nathasha
81,206654,1,1,Perak,PMP::A006::dmcm20248av & dmcm20248bv,Monitoring,05/09/2020 15:14:11,05/09/2020 15:17:10,,,0 days 0 hrs 0 mins ,,Site Total Down (Off-Operation Hours),NTS::WAN Wireless - Flapping,Link is monitored up and stable after signal is stable.,Nathasha
82,206644,1,1,Selangor,PMP::B047::dmcm20106av & dmcm20106bv,Monitoring,05/09/2020 14:11:23,05/09/2020 14:15:22,,,0 days 0 hrs 0 mins ,,Site Total Down (Off-Operation Hours),Customer::Power Outage,Link is up once power resumed.,Nathasha
83,206711,1,1,Perak,PMP::A028::dmcm20265av & dmcm20265bv,Monitoring,05/09/2020 18:39:00,05/14/2020 10:10:10,,,0 days 0 hrs 0 mins ,,Site Total Down (Off-Operation Hours),Customer::Power Outage,Link is up once power resumed.,Nathasha
84,206780,1,1,N.Sembilan,PMP::N018::dmcm20077av & dmcm20077bv,Monitoring,05/10/2020 3:11:06,05/10/2020 4:32:07,,,0 days 0 hrs 0 mins ,,Site Total Down (Off-Operation Hours),Customer::Power Outage,Link is up once power resumed.,Nathasha
85,206834,1,1,Pahang,PMP::W041::dmcm20136av & dmcm20136bv,Monitoring,05/10/2020 12:06:51,05/10/2020 12:20:51,,,0 days 0 hrs 0 mins ,,Site Total Down (Off-Operation Hours),Customer::Power Outage,Link is up once power resumed.,Nathasha
86,206891,1,1,Pahang,PMP::W076::dmcm20167av & dmcm20167bv,Monitoring,05/10/2020 14:41:50,05/30/2020 14:38:52,,,0 days 0 hrs 0 mins ,,Site Total Down (Off-Operation Hours),Customer::Power Outage,Link is up once power resumed.,Nathasha
87,206848,1,3,Pahang,PMP::W041::dmcm20136av,Monitoring,05/10/2020 12:39:00,05/24/2020 23:18:52,,,0 days 0 hrs 0 mins ,,AV Router Down,Customer::Power Outage,"Issue: AV router down previously and followed by BV router down recently due to power outage (#210429).
Remark: Both AV router & BV router Up once power resume.",Nathasha
88,206938,1,1,Perak,PMP::A036::dmcm20273av & dmcm20273bv,Monitoring,05/10/2020 16:55:15,05/10/2020 18:51:15,,,0 days 0 hrs 0 mins ,,Site Total Down (Off-Operation Hours),Customer::Power Outage,Link is up once power resumed.,Nathasha
89,206937,1,1,Perak,PMP::A045::dmcm20280av & dmcm20280bv,Monitoring,05/10/2020 16:48:52,05/11/2020 15:46:53,,,0 days 0 hrs 0 mins ,,Site Total Down (Off-Operation Hours),Customer::Power Outage,Link is up once power resumed.,Nathasha
90,206879,1,1,Selangor,PMP::B027::dmcm20208av & dmcm20208bv,Monitoring,05/10/2020 13:55:18,,,,0 days 0 hrs 0 mins ,,Site Total Down (Off-Operation Hours),<Open Ticket>,"Issue: Site total down & pending user to verify power status
Update: Site temporary closed between 18th march - 9th June 2020.",Nathasha
91,207017,1,1,Kedah,PMP::K009::dmcm20081av & dmcm20081bv,Monitoring,05/10/2020 23:15:46,05/13/2020 14:42:47,,,0 days 0 hrs 0 mins ,,Site Total Down (Off-Operation Hours),Customer::Power Outage,Link is up once power resumed.,Nathasha
92,206758,1,1,Pahang,PMP::V022::dmcm20345av & dmcm20345bv,Monitoring,05/10/2020 0:44:11,05/10/2020 0:47:11,,,0 days 0 hrs 0 mins ,,Site Total Down (Off-Operation Hours),NTS::WAN Wireless - Flapping,"Root Cause: WAN Wireless - Flapping, BV - signal weak (suspected due to outlet closed)
Solution: Link up via Self- Restored",Nathasha
93,207009,1,1,Johor,PMP::J012::dmcm20219av & dmcm20219bv,Monitoring,05/10/2020 20:55:48,05/10/2020 20:58:49,,,0 days 0 hrs 0 mins ,,Site Total Down (Off-Operation Hours),NTS::WAN Wireless - Flapping,"AV wireless flapping & self restored. 
Remarks: AV Wired currently down (single-leg failure #201202) and BV router vlan5 connection monitored down (#204724) while AV wireless flapping lead site total down.",Nathasha
94,207001,1,1,Johor,PMP::J012::dmcm20219av & dmcm20219bv,Monitoring,05/10/2020 20:34:49,05/10/2020 20:44:49,,,0 days 0 hrs 0 mins ,,Site Total Down (Off-Operation Hours),NTS::WAN Wireless - Flapping,"AV wireless flapping & self restored. 
Remarks: AV Wired currently down (single-leg failure #201202) and BV router vlan5 connection monitored down (#204724) while AV wireless flapping lead site total down.",Nathasha
95,206820,1,1,Perak,PMP::A005::dmcm20247av & dmcm20247bv,Monitoring,05/10/2020 11:08:02,05/10/2020 11:10:02,,,0 days 0 hrs 0 mins ,,Site Total Down (Off-Operation Hours),Customer::Power Outage,Link is up once power resumed.,Nathasha
96,206918,1,1,Perak,PMP::A030::dmcm20267av & dmcm20267bv,Monitoring,05/10/2020 16:02:40,05/10/2020 16:12:39,,,0 days 0 hrs 0 mins ,,Site Total Down (Off-Operation Hours),Customer::Power Outage,Link is up once power resumed.,Nathasha
97,207055,2,1,Pahang,PMP::W045::dmcm20139av & dmcm20139bv,Monitoring,05/11/2020 9:28:00,,,,0 days 0 hrs 0 mins ,,Site Total Down (Off-Operation Hours),<Open Ticket>,"Issue: Site total down & pending user to verify power status
Update: Site temporary closed between 18th march - 9th June 2020.",Wany
98,207021,2,1,Penang,PMP::P017::dmcm20046av & dmcm20046bv,Monitoring,05/11/2020 0:43:21,05/14/2020 15:50:21,,,0 days 0 hrs 0 mins ,,Site Total Down (Off-Operation Hours),Customer::Power Outage,Link is up once power resumed.,Wany
99,207030,2,3,Perak,PMP::A035::dmcm20272av,Monitoring,05/10/2020 5:22:00,,,,0 days 0 hrs 0 mins ,,AV Wired Down,<Open Ticket>,"Issue: AV Wired monitored down
Update:  Site temporary closed between 18th march - 9th June 2020.",Wany
100,207167,2,1,Perak,PMP::A036::dmcm20273av & dmcm20273bv,Monitoring,05/11/2020 18:09:15,05/11/2020 19:44:14,,,0 days 0 hrs 0 mins ,,Site Total Down (Off-Operation Hours),Customer::Power Outage,Link is up once power resumed.,Wany
101,207163,2,1,Johor,PMP::J007::dmcm20215av & dmcm20215bv,Monitoring,05/11/2020 17:57:06,05/18/2020 10:01:08,,,0 days 0 hrs 0 mins ,,Site Total Down (Off-Operation Hours),Customer::Power Outage,Link is up once power resumed.,Wany
102,207348,2,3,Melaka,PMP::M047::dmcm20339av,Monitoring,05/12/2020 18:39:27,,,,0 days 0 hrs 0 mins ,,AV Wired Down,<Open Ticket>,"Issue: AV Wired monitored down
Update:  Site temporary closed between 18th march - 9th June 2020.",Wany
103,207325,2,1,Perak,PMP::A010::dmcm20251av & dmcm20251bv,Monitoring,05/12/2020 17:32:17,05/12/2020 17:36:17,,,0 days 0 hrs 0 mins ,,Site Total Down (Off-Operation Hours),Customer::Power Outage,Link is up once power resumed.,Wany
104,207316,2,1,Perak,PMP::A022::dmcm20259av & dmcm20259bv,Monitoring,05/12/2020 16:56:39,05/13/2020 9:50:39,,,0 days 0 hrs 0 mins ,,Site Total Down (Off-Operation Hours),Customer::Power Outage,Link is up once power resumed.,Wany
105,207355,2,1,Perak,PMP::A030::dmcm20267av & dmcm20267bv,Monitoring,05/12/2020 19:12:40,05/12/2020 19:19:40,,,0 days 0 hrs 0 mins ,,Site Total Down (Off-Operation Hours),Customer::Power Outage,Link is up once power resumed.,Wany
106,207315,2,1,Perak,PMP::A050::dmcm20285av & dmcm20285bv,Monitoring,05/12/2020 16:55:13,,,,0 days 0 hrs 0 mins ,,Site Total Down (Off-Operation Hours),<Open Ticket>,"Issue: Site total down & pending user to verify power status
Update: Site temporary closed between 18th march - 9th June 2020.",Wany
107,207244,2,1,Perak,PMP::A050::dmcm20285av & dmcm20285bv,Monitoring,05/12/2020 8:49:13,05/12/2020 8:51:13,,,0 days 0 hrs 0 mins ,,Site Total Down (Off-Operation Hours),Customer::Power Outage,Link is up once power resumed.,Wany
108,207227,2,1,N.Sembilan,PMP::N017::dmcm20342av & dmcm20342bv,Monitoring,05/12/2020 7:26:31,05/12/2020 9:11:31,,,0 days 0 hrs 0 mins ,,Site Total Down (Off-Operation Hours),Customer::Power Outage,Link is up once power resumed.,Wany
109,207209,2,1,Pahang,PMP::V022::dmcm20345av & dmcm20345bv,Monitoring,05/12/2020 4:32:11,05/13/2020 11:08:11,,,0 days 0 hrs 0 mins ,,Site Total Down (Off-Operation Hours),Customer::Power Outage,Link is up once power resumed.,Wany
110,207476,2,3,KL,PMP::W061::dmcm20152av,Monitoring,05/13/2020 13:35:29,,,,0 days 0 hrs 0 mins ,,AV Wired Down,<Open Ticket>,"Issue: AV wired Down
Update: Telco done reset port, follow up with PMP Support to reboot TM modem onsite once premise open",Farhan
111,207525,2,1,Melaka,PMP::M056::dmcm20332av & dmcm20332bv,Monitoring,05/13/2020 17:58:39,05/13/2020 19:22:39,,,0 days 0 hrs 0 mins ,,Site Total Down (Off-Operation Hours),Customer::Power Outage,Link is up once power resumed.,Farhan
112,207697,2,1,Perak,PMP::A004::dmcm20246av & dmcm20246bv,Monitoring,05/14/2020 18:29:25,,,,0 days 0 hrs 0 mins ,,Site Total Down (Off-Operation Hours),<Open Ticket>,"Issue: Site total down & pending user to verify power status
Update: Site temporary closed between 18th march - 9th June 2020.",Farhan
113,207646,2,3,Perak,PMP::A044::dmcm20279av,Monitoring,05/12/2020 5:16:20,05/26/2020 10:44:00,,,0 days 0 hrs 0 mins ,,AV Wired Down,NTS::WAN Wired - Session Hang,Link restored after telco refresh session and reset port.,Farhan
114,207649,2,1,Kedah,PMP::K010::dmcm20082av & dmcm20082bv,Monitoring,05/14/2020 13:36:43,,,,0 days 0 hrs 0 mins ,,Site Total Down (Off-Operation Hours),<Open Ticket>,"Issue: Site total down & pending user to verify power status
Update: Site temporary closed between 18th march - 9th June 2020.",Farhan
115,207688,2,1,KL,PMP::V009::dmcm20192av & dmcm20192bv,Monitoring,05/14/2020 17:44:59,05/18/2020 14:53:00,,,0 days 0 hrs 0 mins ,,Site Total Down (Off-Operation Hours),Customer::Power Outage,Link is up once power resumed.,Farhan
116,207687,2,1,Perak,PMP::A010::dmcm20251av & dmcm20251bv,Monitoring,05/14/2020 17:41:17,05/14/2020 17:45:17,,,0 days 0 hrs 0 mins ,,Site Total Down (Off-Operation Hours),Customer::Power Outage,Link is up once power resumed.,Farhan
117,207707,2,1,Perak,PMP::A010::dmcm20251av & dmcm20251bv,Monitoring,05/14/2020 20:34:17,05/14/2020 20:45:17,,,0 days 0 hrs 0 mins ,,Site Total Down (Off-Operation Hours),Customer::Power Outage,Link is up once power resumed.,Farhan
118,207690,2,3,Perak,PMP::A010::dmcm20251av,Monitoring,05/14/2020 17:51:00,05/14/2020 20:46:00,,,0 days 0 hrs 0 mins ,,AV Router Down,NTS::WAN Wireless - Flapping,"Issue: AV router down
Update: AV wireless flapping previously and AV wired Down (Ticket No: 196627) lead AV router down.
Remark: AV wired down and AV wireless flapping issue resolved after power resume (AV router involved power trip recently & restored).",Farhan
119,207643,2,1,Perak,PMP::A044::dmcm20279av & dmcm20279bv,Monitoring,05/14/2020 13:13:27,05/14/2020 13:15:27,,,0 days 0 hrs 0 mins ,,Site Total Down (Off-Operation Hours),NTS::WAN Wireless - Flapping,"Issue: AV wireless flapping
Update: AV wireless flapping, AV wired down (ticket No: 207646) and BV router not take over due to short period of downtime (2 mins). Lead site total down.
Solution: AV wireless up via self restored.",Farhan
120,207655,2,1,Johor,PMP::J012::dmcm20219av & dmcm20219bv,Monitoring,05/14/2020 14:19:49,05/14/2020 14:20:49,,,0 days 0 hrs 0 mins ,,Site Total Down (Off-Operation Hours),NTS::WAN Wireless - Flapping,"Issue: AV wireless flapping
Update: AV wireless flapping, AV wired down (ticket No: 201202) and BV router not take over due to short period of downtime (1 min). Lead site total down.
Solution: AV wireless up via self restored.",Farhan
121,207958,2,1,Perak,PMP::A035::dmcm20272av & dmcm20272bv,Monitoring,05/15/2020 20:28:16,05/25/2020 11:05:17,,,0 days 0 hrs 0 mins ,,Site Total Down (Off-Operation Hours),Customer::Power Outage,Link is up once power resumed.,Wany
122,207815,2,3,Selangor,PMP::B037::dmcm20098bv,Monitoring,05/15/2020 12:16:00,05/15/2020 14:43:00,,,0 days 0 hrs 0 mins ,,BV Cellular Down (Maxis),NTS::WAN Wireless - Flapping,BV router monitored up by self restored.,Wany
123,207752,2,1,Selangor,PMP::V014::dmcm20197av & dmcm20197bv,Monitoring,05/15/2020 7:17:03,05/15/2020 15:17:03,,,0 days 0 hrs 0 mins ,,Site Total Down (Off-Operation Hours),Customer::Power Outage,Link is up once power resumed.,Wany
124,207918,2,2,Pahang,PMP::W041::dmcm20136bv,Monitoring,05/15/2020 17:51:51,05/17/2020 14:01:51,,,0 days 0 hrs 0 mins ,,BV Cellular Down (Maxis),NTS::WAN Wireless - High Latency,"Issue : Site was facing intermittent connection due to up only on single BV router. 
Update : Please refer AV router ticket no #206848. Before AV down, site was involved with power outages, upon power restored AV still monitored down (#206834)
Solutions : BV link up after telco reset cellular network.",Wany
125,207739,2,1,Selangor,PMP::V014::dmcm20197av & dmcm20197bv,Monitoring,05/15/2020 4:29:03,5/15/2020 6:45:03,,,0 days 0 hrs 0 mins ,,Site Total Down (Off-Operation Hours),Customer::Power Outage,Link is up once power resumed.,Wany
126,207770,2,1,Perak,PMP::A013::dmcm20254av & dmcm2025bv,Monitoring,05/15/2020 9:23:19,05/15/2020 9:26:19,,,0 days 0 hrs 0 mins ,,Site Total Down (Off-Operation Hours),Customer::Power Outage,Link is up once power resumed.,Wany
127,207959,2,1,Perak,PMP::A022::dmcm20259av & dmcm20259bv,Monitoring,05/15/2020 20:28:39,05/18/2020 8:09:39,,,0 days 0 hrs 0 mins ,,Site Total Down (Off-Operation Hours),Customer::Power Outage, Link is up once power is restored ,Wany
128,208130,2,1,Perak,PMP::A017::dmcm20256av & dmcm20256bv,Monitoring,05/16/2020 18:12:00,05/17/2020 9:19:00,,,0 days 0 hrs 0 mins ,,Site Total Down (Off-Operation Hours),Customer::Power Outage,Link is up once power resumed.,Wany
129,207983,2,3,KL,PMP::W094::dmcm20011bv,Monitoring,05/16/2020 4:19:00,05/16/2020 5:34:00,,,0 days 0 hrs 0 mins ,,BV Cellular Down (Celcom),NTS::WAN Wireless - Flapping,BV link is up once performed remotely power cycle BV router through AV router.,Wany
130,208158,2,1,Johor,PMP::J037::dmcm20238av & dmcm20238bv,Monitoring,05/16/2020 19:27:25,,,,0 days 0 hrs 0 mins ,,Site Total Down (Off-Operation Hours),<Open Ticket>,"Issue: Site total down & pending user to verify power status
Update: Site temporary closed between 18th march - 9th June 2020.",Wany
131,207968,2,1,Kedah,PMP::K009::dmcm20081av & dmcm20081bv,Monitoring,05/16/2020 0:35:47,05/17/2020 14:34:47,,,0 days 0 hrs 0 mins ,,Site Total Down (Off-Operation Hours),Customer::Power Outage,Link is up once power resumed.,Wany
132,208171,2,1,KL,PMP::W092::dmcm20053av & dmcm20053bv,Monitoring,05/16/2020 20:06:03,05/17/2020 14:42:03,,,0 days 0 hrs 0 mins ,,Site Total Down (Off-Operation Hours),Customer::Power Outage,Link is up once power resumed.,Wany
133,208176,2,1,KL,PMP::KL01::dmcm30001av & dmcm30001bv,Monitoring,05/16/2020 20:23:49,05/17/2020 10:45:49,,,0 days 0 hrs 0 mins ,,Site Total Down (Operation Hours),Customer::Power Outage,Link is up once power resumed.,Wany
134,208177,2,1,Selangor,PMP::W085::dmcm20176av & dmcm20176bv,Monitoring,05/16/2020 20:28:06,,,,0 days 0 hrs 0 mins ,,Site Total Down (Off-Operation Hours),<Open Ticket>,"Issue: Site total down & pending user to verify power status
Update: Site temporary closed between 18th march - 9th June 2020.",Wany
135,208057,2,3,Selangor,PMP::B023::dmcm20055av,Monitoring,05/16/2020 12:27:00,05/16/2020 17:33:00,,,0 days 0 hrs 0 mins ,,AV Wired Down,NTS::WAN Wired - Session Hang,Primary link up once telco reset port and session.,Wany
136,208190,2,3,KL,PMP::W094::dmcm20011bv,Monitoring,05/16/2020 22:48:00,05/16/2020 23:46:00,,,0 days 0 hrs 0 mins ,,BV Cellular Down (Celcom),NTS::WAN Wireless - Flapping,BV link monitored up once performed reset cellular interface.,Wany
137,208138,2,1,Perak,PMP::A042::dmcm20277av & dmcm20277bv,Monitoring,05/16/2020 18:29:11,,,,0 days 0 hrs 0 mins ,,Site Total Down (Off-Operation Hours),<Open Ticket>,"Issue: Site total down & pending user to verify power status
Update: Site temporary closed between 18th march - 9th June 2020.",Wany
138,207993,2,1,Kedah,PMP::K004::dmcm20048av & dmcm20048bv,Monitoring,05/16/2020 5:43:49,,,,0 days 0 hrs 0 mins ,,Site Total Down (Off-Operation Hours),<Open Ticket>,"Issue: Site total down & pending user to verify power status
Update: Site temporary closed between 18th march - 9th June 2020.",Wany
139,208464,2,1,KL,PMP::V015::dmcm20198av & dmcm20198bv,Monitoring,05/17/2020 15:14:45,05/19/2020 12:45:46,,,0 days 0 hrs 0 mins ,,Site Total Down (Off-Operation Hours),Customer::Power Outage,Link is up once power resumed.,Wany
140,208371,2,3,KL,PMP::KL01::dmcm30001av,Monitoring,05/17/2020 10:45:00,05/17/2020 14:26:50,,,0 days 0 hrs 0 mins ,,AV Wired Down,NTS::WAN Wired - Telco Outage,"Issue: AV wired Down and restored
Update: PMP informed the TM cable outside premise is by rotten. PMP Tech has rebooted TM modem and the link has restored. 
Solutions : Link monitored up once TM Cable Team resolved the issue by replaced the fiber cable inside TM cabinet???.",Wany
141,208236,2,1,Selangor,PMP::B040::dmcm20102av & dmcm20102bv,Monitoring,05/17/2020 4:22:07,,,,0 days 0 hrs 0 mins ,,Site Total Down (Off-Operation Hours),<Open Ticket>,"Issue: Site total down & pending user to verify power status
Update: Site temporary closed between 18th march - 9th June 2020.",Wany
142,208551,2,3,KL,PMP::W092::dmcm20053av,Monitoring,05/16/2020 20:06:03,,,,0 days 0 hrs 0 mins ,,AV Router Down,<Open Ticket>,"Issue: AV Router down & pending user to verify power status
Update: Site temporary closed between 18th march - 9th June 2020.",Wany
143,208501,2,1,Selangor,PMP::V014::dmcm20197av & dmcm20197bv,Monitoring,05/17/2020 16:35:03,05/17/2020 16:36:03,,,0 days 0 hrs 0 mins ,,Site Total Down (Off-Operation Hours),NTS::WAN Wireless - Flapping,"Site was using dual 3G connection and monitored total down for 1 min. Site resolved by self restored, BV router unable to triggered due to short downtime of AV.",Wany
144,208372,2,3,Selangor,PMP::W077::dmcm20168av,Monitoring,5/17/202007:24:00,,,,0 days 0 hrs 0 mins ,,AV Wired Down,<Open Ticket>,"Issue: AV wired Down
Update: Telco done reset port, follow up with PMP Support to reboot TM modem onsite once premise open",Wany
145,208367,2,1,KL,PMP::KL01::dmcm30001av & dmcm30001bv,Monitoring,05/17/2020 12:24:50,05/17/2020 12:24:50,,,0 days 0 hrs 0 mins ,,Site Total Down (Operation Hours),Customer::Power Off,"As per update by Dinish, this outlet are open. PMP Tech rebooted all devices. Link up once PMP Tech power on all the equipment.",Wany
146,208311,2,2,Selangor,PMP::V005::dmcm20189av,Monitoring,05/17/2020 10:14:23,05/27/2020 6:30:00,,,0 days 0 hrs 0 mins ,,High Latency / Slow Ticket Transaction,NTS::WAN Wired - Intermittent,Link is monitored up and stable after TM reset port and refresh session,Wany
147,208504,2,1,Perak,PMP::A037::dmcm20039av & dmcm20039bv,Monitoring,05/17/2020 16:36:34,05/17/2020 16:41:33,,,0 days 0 hrs 0 mins ,,Site Total Down (Off-Operation Hours),Customer::Power Outage,Link is up once power resumed.,Wany
148,208204,2,1,Perak,PMP::A025::dmcm20262av & dmcm2026bv,Monitoring,05/17/2020 0:42:51,05/17/2020 0:46:51,,,0 days 0 hrs 0 mins ,,Site Total Down (Off-Operation Hours),Customer::Power Outage,Link is up once power resumed.,Wany
149,208596,3,1,Perak,PMP::A005::dmcm20247av & dmcm20247bv,Monitoring,05/18/2020 0:24:03,05/18/2020 2:19:03,,,0 days 0 hrs 0 mins ,,Site Total Down (Operation Hours),<Open Ticket>,"Issue: Site total down previously and been restored.
Update: Telco check been done for connection AV wired, AV wireless & BV wireless. Quota both AV/BV wireless still available. Site currently running on AV wired link. Ticket still open to investigate Telco Celcom side and pending root cause from tier 2 team. Will revert any finding accordingly.",Farhan
150,208601,3,1,Johor,PMP::J002::dmcm20210av & dmcm20210bv,Monitoring,05/18/2020 0:58:58,05/20/2020 10:40:58,,,0 days 0 hrs 0 mins ,,Site Total Down (Operation Hours),Customer::Power Outage,Link is up once power resumed.,Farhan
151,208630,3,3,Johor,PMP::J043::dmcm20243av,Monitoring,05/18/2020 1:12:00,05/30/2020 21:03:00,,,0 days 0 hrs 0 mins ,,AV Cellular Down (Celcom),NTS::WAN Wireless - Telco Outage,Link is up once Telco rectified the issue and router power resumed after power outage (#210758).,Farhan
152,208877,3,1,KL,PMP::W067::dmcm20158av & dmcm20158bv,Monitoring,05/18/2020 20:46:00,05/18/2020 23:07:00,,,0 days 0 hrs 0 mins ,,Site Total Down (Off-Operation Hours),Customer::Power Outage,Link is up once power resumed.,Farhan
153,208894,3,1,KL,PMP::W074::dmcm20165av & dmcm20165bv,Monitoring,05/18/2020 22:38:47,05/10/2020 13:14:48,,,0 days 0 hrs 0 mins ,,Site Total Down (Off-Operation Hours),Customer::Power Outage,Link is up once power resumed.,Farhan
154,208604,3,1,Johor,PMP::J043::dmcm20243av & dmcm20243bv,Monitoring,05/18/2020 1:14:41,05/18/2020 2:20:42,,,0 days 0 hrs 0 mins ,,Site Total Down (Off-Operation Hours),Customer::Power Outage,Link is up once power resumed.,Farhan
155,208616,3,3,Perak,PMP::A043::dmcm20278av,Monitoring,05/18/2020 1:59:00,05/18/2020 2:04:00,,,0 days 0 hrs 0 mins ,,AV Wired Down,NTS::WAN Wired - Session Hang,Link up once Tier 2 Team refresh interface GEWAN 0 and bounce Tunnel 5 & 6 for AV router.,Farhan
156,208597,3,3,Perak,PMP::A043::dmcm20278av,Monitoring,05/18/2020 0:35:00,05/18/2020 1:47:00,,,0 days 0 hrs 0 mins ,,AV Router Down,NTS::WAN Wireless - Flapping,"Issue: AV router down & restored.
Update: AV router down due to site running on AV wireless and its flapping, AV wired having an issue (Ticket: 208616). AV wireless up via self restored.",Farhan
157,208615,3,1,Perak,PMP::A043::dmcm20278av & dmcm20278bv,Monitoring,05/18/2020 2:13:05,05/18/2020 2:20:05,05/18/2020 2:13:05,05/18/2020 2:20:05,0 days 0 hrs 7 mins ,,Site Total Down (Off-Operation Hours),NTS::WAN Wireless - Flapping,"Issue: Site total down previously and restored.
Update: AV wired having issue (Ticket: 208616), AV wireless flapping and BV wireless also flapping, lead site total down. AV wireless link up via self restored.",Farhan
158,208639,3,1,Johor,PMP::J012::dmcm20219av & dmcm20219bv,Monitoring,05/18/2020 5:36:50,05/18/2020 5:39:50,05/18/2020 5:36:50,05/18/2020 5:39:50,0 days 0 hrs 3 mins ,,Site Total Down (Off-Operation Hours),NTS::WAN Wireless - Flapping,"Issue: Site total down previously and restored.
Update: AV wired having issue (Ticket: 201202), AV wireless flapping, BV router also flapping lead site total down. AV wireless link Up via self restored. ",Farhan
159,208626,3,3,KL,PMP::W094::dmcm20011bv,Monitoring,05/18/2020 4:08:00,05/18/2020 6:08:00,,,0 days 0 hrs 0 mins ,,BV Router Down,NTS::WAN Wireless - Flapping,Link is up after Telco Celcom reset cellular network for BV router.,Farhan
160,209119,3,3,Selangor,PMP::B011::dmcm20204av,Monitoring,05/19/2020 12:40:31,5/26/2020 0:29,,,0 days 0 hrs 0 mins ,,AV Wired Down,NTS::WAN Wired - Session Hang,Link is up and stable after TM reset port and refresh session,Farhan
161,209112,3,3,Selangor,PMP::B020::dmcm20056av,Monitoring,05/19/2020 12:31:32,,,,0 days 0 hrs 0 mins ,,AV Wired Down,<Open Ticket>,"Issue: AV wired Down
Update: Telco done reset port, follow up with PMP Support to reboot TM modem onsite once premise open",Farhan
162,209032,3,2,Johor,PMP::J007::dmcm20215av,Monitoring,05/19/2020 9:51:07,,,,0 days 0 hrs 0 mins ,,High Latency / Slow Ticket Transaction,<Open Ticket>,"Issue: AV wireless intermittent
Update: Tier 2 team already bounce tunnel for AV Wireless. Upon checking with Telco Maxis, no abnormalities found and Telco done reset the SIM network. Site currently up and running via AV Wireless link. Ticket still open to monitor the link stability.",Farhan
163,209008,3,2,Penang,PMP::P019::dmcm20304av,Monitoring,05/19/2020 9:31:25,,,,0 days 0 hrs 0 mins ,,High Latency / Slow Ticket Transaction,<Open Ticket>,"Issue: AV wireless intermittent
Update: Tier 2 team already bounce tunnel for AV Wireless. Pending Telco Maxis to reset sim network. Will followup accordingly.",Farhan
164,209150,3,3,KL,PMP::V008::dmcm20015av,Monitoring,05/19/2020 13:57:21,,,,0 days 0 hrs 0 mins ,,AV Wired Down,<Open Ticket>,"Issue: AV wired Down
Update: Telco done reset port, follow up with PMP Support to reboot TM modem onsite once premise open",Farhan
165,209116,3,2,KL,PMP::W052::dmcm20145av,Monitoring,05/19/2020 12:35:24,,,,0 days 0 hrs 0 mins ,,High Latency / Slow Ticket Transaction,<Open Ticket>,"Issue: AV wireless intermittent
Update: Tier 2 team already bounce tunnel for AV Wireless. Pending Telco Maxis to reset sim network. Will followup accordingly.",Farhan
166,209279,3,1,Perak,PMP::A010::dmcm20251av & dmcm20251bv,Monitoring,05/19/2020 19:03:18,05/19/2020 19:07:17,,,0 days 0 hrs 0 mins ,,Site Total Down (Off-Operation Hours),Customer::Power Outage,Link is up once power resumed.,Farhan
167,209180,3,1,Perak,PMP::A025::dmcm20262av & dmcm2026bv,Monitoring,05/19/2020 15:32:52,05/19/2020 15:34:51,,,0 days 0 hrs 0 mins ,,Site Total Down (Off-Operation Hours),Customer::Power Outage,Link is up once power resumed.,Farhan
168,209210,3,1,Selangor,PMP::V014::dmcm20197av & dmcm20197bv,Monitoring,05/19/2020 17:08:04,05/19/2020 17:13:03,,,0 days 0 hrs 0 mins ,,Site Total Down (Off-Operation Hours),Customer::Power Outage,Link is up once power resumed.,Farhan
169,209140,3,1,KL,PMP::V015::dmcm20198av & dmcm20198bv,Monitoring,05/19/2020 13:39:46,05/19/2020 14:11:45,,,0 days 0 hrs 0 mins ,,Site Total Down (Off-Operation Hours),Customer::Power Outage,Link is up once power resumed.,Farhan
170,209529,3,1,Selangor,PMP::W039::dmcm20134av & dmcm20134bv,Monitoring,05/20/2020 20:54:44,05/27/2020 9:51:45,,,0 days 0 hrs 0 mins ,,Site Total Down (Off-Operation Hours),Customer::Power Outage,Link is up once power resumed.,Wany
171,209460,3,1,Perak,PMP::A028::dmcm20265av & dmcm20265bv,Monitoring,05/20/2020 17:22:02,,,,0 days 0 hrs 0 mins ,,Site Total Down (Off-Operation Hours),<Open Ticket>,"Issue: Site total down & pending user to verify power status
Update: Site temporary closed between 18th march - 9th June 2020.",Wany
172,209362,3,3,Perak,PMP::A043::dmcm20278bv,Monitoring,05/20/2020 8:36:00,05/21/2020 4:08:00,,,0 days 0 hrs 0 mins ,,BV Cellular Down (Maxis),Customer::Power Outage,Link is up once power resumed.,Wany
173,209354,3,3,Johor,PMP::J024::dmcm20228bv,Monitoring,05/20/2020 7:14:00,05/20/2020 9:54:00,,,0 days 0 hrs 0 mins ,,BV Cellular Down (Digi),NTS::WAN Wireless - Flapping,BV router up once telco reset cellular network from their end,Wany
174,209358,3,1,Perak,PMP::A043::dmcm20278av & dmcm20278bv,Monitoring,05/20/2020 8:26:06,05/20/2020 8:27:05,,,0 days 0 hrs 0 mins ,,Site Total Down (Off-Operation Hours),Customer::Power Outage,Link is up once power resumed.,Wany
175,209484,3,1,KL,PMP::V009::dmcm20192av & dmcm20192bv,Monitoring,05/20/2020 18:08:00,05/27/2020 7:57:01,,,0 days 0 hrs 0 mins ,,Site Total Down (Off-Operation Hours),Customer::Power Outage,Link is up once power resumed.,Wany
176,209456,3,1,Perak,PMP::A022::dmcm20259av & dmcm20259bv,Monitoring,05/20/2020 17:09:40,05/21/2020 7:35:40,,,0 days 0 hrs 0 mins ,,Site Total Down (Off-Operation Hours),Customer::Power Outage,Link is up once power resumed.,Wany
177,209537,3,1,Kedah,PMP::K002::dmcm20079av & dmcm20079bv,Monitoring,05/20/2020 21:28:46,05/22/2020 9:57:46,,,0 days 0 hrs 0 mins ,,Site Total Down (Off-Operation Hours),Customer::Power Outage,Link is up once power resumed.,Wany
178,209449,3,1,Perak,PMP::A046::dmcm20281av & dmcm20281bv,Monitoring,05/20/2020 16:54:48,,,,0 days 0 hrs 0 mins ,,Site Total Down (Off-Operation Hours),<Open Ticket>,"Issue: Site total down & pending user to verify power status
Update: Site temporary closed between 18th march - 9th June 2020.",Wany
179,209658,3,3,KL,PMP::W050::dmcm20052bv,Monitoring,05/21/2020 19:12:00,05/22/2020 9:10:00,,,0 days 0 hrs 0 mins ,,BV Cellular Down (Maxis),NTS::WAN Wireless - Flapping,BV Wireless - Flapping. Link is up via self restored,Wany
180,209650,3,1,Perak,PMP::A010::dmcm20251av & dmcm20251bv,Monitoring,05/21/2020 17:28:18,05/21/2020 17:32:17,,,0 days 0 hrs 0 mins ,,Site Total Down (Off-Operation Hours),Customer::Power Outage,Link is up once power resumed.,Wany
181,209556,3,1,Perak,PMP::A031::dmcm20268av & dmcm20268bv,Monitoring,05/21/2020 1:55:50,05/21/2020 1:58:50,,,0 days 0 hrs 0 mins ,,Site Total Down (Off-Operation Hours),Customer::Power Outage,Link is up once power resumed.,Wany
182,209569,3,1,Perak,PMP::A043::dmcm20278av & dmcm20278bv,Monitoring,05/21/2020 4:01:05,05/21/2020 4:03:05,,,0 days 0 hrs 0 mins ,,Site Total Down (Off-Operation Hours),Customer::Power Outage,Link is up once power resumed.,Wany
183,209589,3,1,Perak,PMP::A047::dmcm20282av & dmcm20282bv,Monitoring,05/21/2020 10:00:43,05/21/2020 11:20:42,,,0 days 0 hrs 0 mins ,,Site Total Down (Off-Operation Hours),Customer::Power Outage,Link is up once power resumed.,Wany
184,209654,3,1,Johor,PMP::J041::dmcm20241av & dmcm20241bv,Monitoring,05/21/2020 18:53:38,05/29/2020 12:11:39,,,0 days 0 hrs 0 mins ,,Site Total Down (Off-Operation Hours),Customer::Power Outage,Link is up once power resumed.,Wany
185,209639,3,1,Melaka,PMP::M046::dmcm20338av & dmcm20338bv,Monitoring,05/21/2020 16:39:25,05/22/2020 16:30:26,,,0 days 0 hrs 0 mins ,,Site Total Down (Off-Operation Hours),Customer::Power Outage,Link is up once power resumed.,Wany
186,209657,3,1,Pahang,PMP::W041::dmcm20136av & dmcm20136bv,Monitoring,05/21/2020 19:03:52,05/22/2020 9:15:52,,,0 days 0 hrs 0 mins ,,BV Cellular Down (Maxis),Customer::Power Outage,Link is up once power resumed.,Wany
187,209633,3,1,KL,PMP::W092::dmcm20053av & dmcm20053bv,Monitoring,05/21/2020 15:32:04,05/21/2020 15:33:04,,,0 days 0 hrs 0 mins ,,BV Cellular Down (Digi),NTS::WAN Wireless - Flapping,Site was up using BV router only as AV router also down #208551 (DSL link #208551) lead site total down. Link is up by self restored once BV router signal stable.,Wany
188,209644,3,1,KL,PMP::W092::dmcm20053av & dmcm20053bv,Monitoring,05/21/2020 17:01:04,05/23/2020 7:05:04,,,0 days 0 hrs 0 mins ,,BV Cellular Down (Digi),NTS::WAN Wireless - Telco Outage,"Root cause: WAN Wireless - Telco Outage
Solution: Link up once Telco rectified issue (Digi Field team had reset RRU)
Remark : AV router down #208551",Wany
189,209741,3,3,KL,PMP::W059::dmcm20008av,Monitoring,05/22/2020 8:12:28,,,,0 days 0 hrs 0 mins ,,AV Wired Down,<Open Ticket>,"Issue: AV wired down
Remark: Follow up to reboot TM Modem once premise open.",Farhan
190,209766,3,3,Perak,PMP::A055::dmcm20290av,Monitoring,05/22/2020 9:36:44,,,,0 days 0 hrs 0 mins ,,AV Wired Down,<Open Ticket>,"Issue: AV wired down
Remark: Follow up to reboot TM Modem once premise open.",Farhan
191,209775,3,3,KL,PMP::KL01::dmcm30001bv,Monitoring,05/22/2020 9:58:00,05/22/2020 21:51:00,,,0 days 0 hrs 0 mins ,,BV Router Down,NTS::WAN Wireless - Flapping,Link is up once next tier team reset cellular interface followed by Telco reset sim network,Farhan
192,209909,3,1,Perak,PMP::A022::dmcm20259av & dmcm20259bv,Monitoring,05/22/2020 16:15:40,05/23/2020 7:25:40,,,0 days 0 hrs 0 mins ,,Site Total Down (Off-Operation Hours),Customer::Power Outage,Link is up once power resumed.,Farhan
193,209981,3,1,Penang,PMP::P013::dmcm20299av & dmcm20299bv,Monitoring,05/22/2020 18:29:16,05/28/2020 10:11:17,,,0 days 0 hrs 0 mins ,,Site Total Down (Off-Operation Hours),Customer::Power Outage,Link is up once power resumed.,Farhan
194,210005,3,3,,PMP::Maxis Plan Maintenance | 04/06/2020,Monitoring,05/22/2020 20:57:00,,,,0 days 0 hrs 0 mins ,,,<Open Ticket>,"Issue: TNS Maxis Plan Maintenance - PMP (Estimated duration: 4th June 2020 @ 01:00 to 05:00)
Update: Be aware on this planned maintenance activity. Follow up with telco once activity completed.",Farhan
195,210056,3,3,KL,PMP::W073::dmcm20164av,Monitoring,05/23/2020 7:00:46,,,,0 days 0 hrs 0 mins ,,AV Wired Down,<Open Ticket>,"Issue: AV wired down
Remark: Follow up to reboot TM Modem once premise open.",Farhan
196,210067,3,3,Selangor,PMP::B023::dmcm20055av,Monitoring,05/22/2020 11:14:00,05/23/2020 10:16:00,,,0 days 0 hrs 0 mins ,,AV Wired Down,NTS::WAN Wired - Session Hang,Link up once Telco reset port and Tier Team bounce Tunnel 5&6 for primary link,Farhan
197,210123,3,3,Kedah,PMP::K013::dmcm20327bv,Monitoring,05/22/2020 15:58:00,05/22/2020 18:49:00,,,0 days 0 hrs 0 mins ,,BV Router Down,NTS::WAN Wireless - Flapping,Link up once Telco reset sim and Tier Team reboot router remotely then resetting the AV router Cellular modem,Farhan
198,210187,3,1,KL,PMP::W092::dmcm20053av & dmcm20053bv,Monitoring,05/23/2020 21:57:04,,,,0 days 0 hrs 0 mins ,,Site Total Down (Off-Operation Hours),<Open Ticket>,"Issue: BV Router down/intermittent
Update: AV router down (#208551) for this site, site currently running on BV router. Suspected BV router flapping/intermittent causing site total down.",Farhan
199,210287,3,3,Johor,PMP::J042::dmcm20242av,Monitoring,05/24/2020 10:34:40,,,,0 days 0 hrs 0 mins ,,AV Wired Down,<Open Ticket>,"Issue: AV wired down
Remark: Follow up to reboot TM Modem once premise open.",Farhan
200,210309,3,3,KL,PMP::W063::dmcm20154av,Monitoring,05/24/2020 12:39:34,,,,0 days 0 hrs 0 mins ,,AV Wired Down,<Open Ticket>,"Issue: AV wired down
Remark: Follow up to reboot TM Modem once premise open.",Farhan
201,210353,3,1,Perak,PMP::A010::dmcm20251av & dmcm20251bv,Monitoring,05/24/2020 15:30:00,05/24/2020 16:08:00,,,0 days 0 hrs 0 mins ,,Site Total Down (Off-Operation Hours),Customer::Power Outage,Link is up once power resumed.,Farhan
202,210365,3,2,Perak,PMP::A006::dmcm20248av ,Monitoring,05/24/2020 17:14:12,,,,0 days 0 hrs 0 mins ,,High Latency / Slow Ticket Transaction,<Open Ticket>,"Issue: AV wireless intermittent
Update: Telco check been done, there is no issue with quota/outage. Telco done reset sim network AV wireless and currenty site monitored stable.
Remark: Ticket open to monitor link stability. Ticket is wrongly merged into new ticket #210785",Farhan
203,210429,3,1,Pahang,PMP::W041::dmcm20136av & dmcm20136bv,Monitoring,05/24/2020 22:21:52,05/24/2020 23:18:52,,,0 days 0 hrs 0 mins ,,Site Total Down (Off-Operation Hours),Customer::Power Outage,Link is up once power resumed.,Farhan
204,210481,4,1,Perak,PMP::A006::dmcm20248av & dmcm20248bv,Monitoring,05/25/2020 9:13:13,05/25/2020 9:15:12,,,0 days 0 hrs 0 mins ,,Site Total Down (Off-Operation Hours),NTS::WAN Wireless - Flapping,"Issue : Site total down and restored
Link is up once telco reset cellular network",Shalini
205,210544,4,1,Johor,PMP::J007::dmcm20215av & dmcm20215bv,Monitoring,05/25/2020 18:23:08,05/28/2020 12:24:09,,,0 days 0 hrs 0 mins ,,Site Total Down (Off-Operation Hours),Customer::Power Outage,Link is up once power resumed.,Shalini
206,210564,4,1,KL,PMP::W074::dmcm20165av & dmcm20165bv,Monitoring,05/25/2020 23:03:48,05/27/2020 10:09:48,,,0 days 0 hrs 0 mins ,,Site Total Down (Off-Operation Hours),Customer::Power Outage,Link is up once power resumed.,Shalini
207,210567,4,1,KL,PMP::W011::dmcm20001av & dmcm20001bv,Monitoring,05/25/2020 23:18:41,,,,0 days 0 hrs 0 mins ,,Site Total Down (Off-Operation Hours),<Open Ticket>,"Issue: Site total down & pending user to verify power status
Update: Site temporary closed between 18th march - 9th June 2020.",Shalini
208,210494,4,3,Johor,PMP::J040::dmcm20025av,Monitoring,05/25/2020 10:20:36,05/25/2020 10:22:36,,,0 days 0 hrs 0 mins ,,AV Wired Down,NTS::WAN Wired - Session Hang,"Issue : Switch intermittent alert and restored.
Update: AV Wired link session hang. Issue resolved via self restored.",Shalini
209,210785,4,2,Perak,PMP::A006::dmcm20248av,Monitoring,05/24/2020 17:14:12,,,,0 days 0 hrs 0 mins ,,High Latency / Slow Ticket Transaction,<Open Ticket>,"Issue: AV wireless intermittent
Update: Telco check been done, there is no issue with quota/outage. Telco done reset sim network AV wireless and currenty site monitored stable.
Remark: Ticket open to monitor link stability. Old ticket has been merged into this ticket. Original ticket #210365",Shalini
210,210758,4,1,Johor,PMP::J043::dmcm20243av & dmcm20243bv,Monitoring,05/26/2020 16:04:42,05/30/2020 21:01:43,,,0 days 0 hrs 0 mins ,,Site Total Down (Off-Operation Hours),Customer::Power Outage,Link is up once power resumed.,Shalini
211,210738,4,1,Kedah,PMP::K009::dmcm20081av & dmcm20081bv,Monitoring,05/26/2020 13:33:49,,,,0 days 0 hrs 0 mins ,,Site Total Down (Off-Operation Hours),<Open Ticket>,"Issue: Site total down & pending user to verify power status
Update: Site temporary closed between 18th march - 9th June 2020.",Shalini
212,210723,4,3,KL,PMP::V015::dmcm20198av,Monitoring,05/22/2020 12:00:00,,,,0 days 0 hrs 0 mins ,,AV Wired Down,<Open Ticket>,"Issue: AV wired down
Remark: Follow up to reboot TM Modem once premise open.",Shalini
213,210710,4,1,Pahang,PMP::V022::dmcm20345av & dmcm20345bv,Monitoring,05/26/2020 11:57:13,05/26/2020 11:58:13,,,0 days 0 hrs 0 mins ,,Site Total Down (Off-Operation Hours),NTS::WAN Wireless - Flapping,"Site is running on 3G-3G connection. Primary link not yet installed. 
AV Wireless flapped due to outlet closed. Link up via self restored.
Ticket has been merged into #210714 due to same issue.",Shalini
214,210714,4,1,Pahang,PMP::V022::dmcm20345av & dmcm20345bv,Monitoring,05/26/2020 12:13:12,05/26/2020 12:17:12,,,0 days 0 hrs 0 mins ,,Site Total Down (Off-Operation Hours),NTS::WAN Wireless - Flapping,"Site is running on 3G-3G connection. Primary link not yet installed. 
AV Wireless flapped due to outlet closed. Link up via self restored.",Shalini
215,211044,4,3,,Multiple Celcom Link Intermittent | PMP 13 sites (AV Router),Monitoring,05/27/2020 12:13:12,05/27/2020 18:22:00,,,0 days 0 hrs 0 mins ,,AV Cellular Down (Celcom),NTS::WAN Wireless - Telco Outage,"Issue : Multiple Celcom PMP 13 sites (AV Router - AV Wireless)
Link up once Telco rectified the issue",Syahmina
216,211025,4,3,Johor,PMP::J031::dmcm20021av,Monitoring,05/27/2020 16:47:48,05/29/2020 13:39:00,,,0 days 0 hrs 0 mins ,,AV Wired Down,NTS::WAN Wired - Session Hang,Link is up once Telco refresh the session.,Syahmina
217,211072,4,1,Johor,PMP::J033::dmcm20022av & dmcm20022bv,Monitoring,05/27/2020 20:48:04,,,,0 days 0 hrs 0 mins ,,Site Total Down (Off-Operation Hours),<Open Ticket>,"Issue: Site total down & pending user to verify power status
Update: Site temporary closed between 18th march - 9th June 2020.",Syahmina
218,211003,4,3,KL,PMP::V013::dmcm20196av,Monitoring,01/30/2020 21:00:00,,,,0 days 0 hrs 0 mins ,,AV Wired Down,<Open Ticket>,"Issue : AV wired down
Remark: Follow up to reboot TM Modem once premise open.",Syahmina
219,211077,4,1,Pahang,PMP::V022::dmcm20345av & dmcm20345bv,Monitoring,05/27/2020 21:55:13,05/27/2020 21:56:13,,,0 days 0 hrs 0 mins ,,Site Total Down (Off-Operation Hours),NTS::WAN Wireless - Flapping,"Site is running on 3G-3G connection. Primary link not yet installed. 
AV Wireless flapped due to outlet closed. Link up via self restored.",Syahmina
220,211024,4,3,Selangor,PMP::W013::dmcm20115av,Monitoring,04/24/2020 0:47:30,,,,0 days 0 hrs 0 mins ,,AV Wired Down,<Open Ticket>,"Issue : AV wired down
Remark: Follow up to reboot TM Modem once premise open.",Syahmina
221,211010,4,3,KL,PMP::W071::dmcm20162av,Monitoring,04/06/2020 0:23:30,,,,0 days 0 hrs 0 mins ,,AV Wired Down,<Open Ticket>,"Issue : AV wired down
Remark: Follow up to reboot TM Modem once premise open.",Syahmina
222,211076,4,1,KL,PMP::W074::dmcm20165av & dmcm20165bv,Monitoring,05/27/2020 21:53:48,,,,0 days 0 hrs 0 mins ,,Site Total Down (Off-Operation Hours),<Open Ticket>,"Issue: Site total down & pending user to verify power status
Update: Site temporary closed between 18th march - 9th June 2020.",Syahmina
223,210913,4,1,Melaka,PMP::M060::dmcm20335av & dmcm20335bv,Monitoring,05/27/2020 4:34:49,05/28/2020 9:16:48,,,0 days 0 hrs 0 mins ,,Site Total Down (Off-Operation Hours),Customer::Power Outage,Link is up once power resumed.,Syahmina
224,210809,4,3,KL,PMP::W094::dmcm20011bv,Monitoring,05/27/2020 0:45:00,05/27/2020 1:24:00,,,0 days 0 hrs 0 mins ,,BV Cellular Down (Celcom),NTS::WAN Wireless - Flapping,Link is up once telco reset the cellular network,Syahmina
225,210933,4,3,KL,PMP::W094::dmcm20011bv,Monitoring,05/27/2020 7:30:00,05/28/2020 8:40:00,,,0 days 0 hrs 0 mins ,,BV Cellular Down (Celcom),NTS::WAN Wireless - Flapping,Link is up once next tier reset cellular interface,Syahmina
226,211243,4,1,Perak,PMP::A022::dmcm20259av & dmcm20259bv,Monitoring,05/28/2020 18:37:41,05/30/2020 9:10:40,,,0 days 0 hrs 0 mins ,,Site Total Down (Off-Operation Hours),Customer::Power Outage,Link is up once power resumed.,Syahmina
227,211232,4,1,Perak,PMP::A057::dmcm20291av & dmcm20291av,Monitoring,05/28/2020 17:47:15,05/28/2020 17:50:16,,,0 days 0 hrs 0 mins ,,Site Total Down (Off-Operation Hours),Customer::Power Outage,Link up once power resumed,Syahmina
228,211219,4,1,Johor,PMP::J009::dmcm20217av & dmcm20217bv,Monitoring,05/28/2020 16:17:13,05/28/2020 18:43:12,,,0 days 0 hrs 0 mins ,,Site Total Down (Off-Operation Hours),Customer::Power Outage,Link up once power resumed,Syahmina
229,211237,4,1,Johor,PMP::J012::dmcm20219av & dmcm20219bv,Monitoring,05/28/2020 17:58:51,05/28/2020 17:59:51,,,0 days 0 hrs 0 mins ,,Site Total Down (Off-Operation Hours),NTS::WAN Wireless - Flapping,"AV wireless up via self restored., AV wired down (ticket No: 201202) and BV router not take over due to short period of downtime (1 min). Lead site total down.
",Syahmina
230,211297,4,1,Perak,PMP::A017::dmcm20256av & dmcm20256bv,Monitoring,05/29/2020 0:57:00,05/29/2020 16:03:00,,,0 days 0 hrs 0 mins ,,Site Total Down (Off-Operation Hours),Customer::Power Outage,Link up once power resumed,Shalini
231,211285,4,1,Perak,PMP::A031::dmcm20268av & dmcm20268bv,Monitoring,05/29/2020 0:07:51,,,,0 days 0 hrs 0 mins ,,Site Total Down (Off-Operation Hours),<Open Ticket>,"Issue: Site total down & pending user to verify power status
Update: Site temporary closed between 18th march - 9th June 2020.",Shalini
232,211293,4,1,Perak,PMP::A032::dmcm20269av & dmcm20269bv,Monitoring,05/29/2020 0:39:43,,,,0 days 0 hrs 0 mins ,,Site Total Down (Off-Operation Hours),<Open Ticket>,"Issue: Site total down & pending user to verify power status
Update: Site temporary closed between 18th march - 9th June 2020.",Shalini
233,211319,4,1,Perak,PMP::A040::dmcm20276av & dmcm20276bv,Monitoring,05/29/2020 5:11:39,,,,0 days 0 hrs 0 mins ,,Site Total Down (Off-Operation Hours),<Open Ticket>,"Issue: Site total down & pending user to verify power status
Update: Site temporary closed between 18th march - 9th June 2020.",Shalini
234,211401,4,3,Selangor,PMP::B023::dmcm20055av,Monitoring,05/29/2020 12:19:00,,,,0 days 0 hrs 0 mins ,,AV Wired Down,<Open Ticket>,"Issue : AV wired down
Remark: Follow up to reboot TM Modem once premise open.",Shalini
235,211308,4,1,Kedah,PMP::K002::dmcm20079av & dmcm20079bv,Monitoring,05/29/2020 3:20:46,,,,0 days 0 hrs 0 mins ,,Site Total Down (Off-Operation Hours),<Open Ticket>,"Issue: Site total down & pending user to verify power status
Update: Site temporary closed between 18th march - 9th June 2020.",Shalini
236,211355,4,1,KL,PMP::W092::dmcm20053av & dmcm20053bv,Monitoring,05/29/2020 10:27:05,05/29/2020 10:30:04,,,0 days 0 hrs 0 mins ,,Site Total Down (Off-Operation Hours),<Open Ticket>,"Issue: Site total down due to BV router intermittent.
Update: AV Router is down currently. Site is running on BV router. Have escalated this issue to Celcom to check further. Pending update from Celcom team.",Shalini
237,211361,4,1,KL,PMP::W092::dmcm20053av & dmcm20053bv,Monitoring,05/29/2020 10:54:04,05/29/2020 11:04:05,,,0 days 0 hrs 0 mins ,,Site Total Down (Off-Operation Hours),NTS::WAN Wireless - Intermittent,"Issue: Site total down due to BV router intermittent.
Update: AV Router is down currently (#208551). Site is running on BV router. Have escalated this issue to Celcom to check further. Pending update from Celcom team. Ticket has been closed and merged into #211355 due to same issue.",Shalini
238,211369,4,1,KL,PMP::W092::dmcm20053av & dmcm20053bv,Monitoring,05/29/2020 11:27:04,5/29/2020 11:30:04,,,0 days 0 hrs 0 mins ,,Site Total Down (Off-Operation Hours),NTS::WAN Wireless - Intermittent,"Issue: Site total down due to BV router intermittent.
Update: AV Router is down currently (#208551). Site is running on BV router. Have escalated this issue to Celcom to check further. Pending update from Celcom team. Ticket has been closed and merged into #211355 due to same issue.",Shalini
239,211375,4,1,KL,PMP::W092::dmcm20053av & dmcm20053bv,Monitoring,05/29/2020 11:45:04,05/29/2020 11:46:04,,,0 days 0 hrs 0 mins ,,Site Total Down (Off-Operation Hours),NTS::WAN Wireless - Intermittent,"Issue: Site total down due to BV router intermittent.
Update: AV Router is down currently (#208551). Site is running on BV router. Have escalated this issue to Celcom to check further. Pending update from Celcom team. Ticket has been closed and merged into #211355 due to same issue.",Shalini
240,211378,4,1,KL,PMP::W092::dmcm20053av & dmcm20053bv,Monitoring,05/29/2020 11:51:04,05/29/2020 11:54:04,,,0 days 0 hrs 0 mins ,,Site Total Down (Off-Operation Hours),NTS::WAN Wireless - Intermittent,"Issue: Site total down due to BV router intermittent.
Update: AV Router is down currently (#208551). Site is running on BV router. Have escalated this issue to Celcom to check further. Pending update from Celcom team. Ticket has been closed and merged into #211355 due to same issue.",Shalini
241,211429,4,1,KL,PMP::W092::dmcm20053av & dmcm20053bv,Monitoring,05/29/2020 15:34:05,05/29/2020 15:35:04,,,0 days 0 hrs 0 mins ,,Site Total Down (Off-Operation Hours),NTS::WAN Wireless - Intermittent,"Issue: Site total down due to BV router intermittent.
Update: AV Router is down currently (#208551). Site is running on BV router. Have escalated this issue to Celcom to check further. Pending update from Celcom team. Ticket has been closed and merged into #211355 due to same issue.",Shalini
242,211485,4,1,KL,PMP::W092::dmcm20053av & dmcm20053bv,Monitoring,05/29/2020 21:52:05,05/29/2020 21:58:05,,,0 days 0 hrs 0 mins ,,Site Total Down (Off-Operation Hours),NTS::WAN Wireless - Intermittent,"Issue: Site total down due to BV router intermittent.
Update: AV Router is down currently (#208551). Site is running on BV router. Have escalated this issue to Celcom to check further. Pending update from Celcom team. Ticket has been closed and merged into #211355 due to same issue.",Shalini
243,211449,4,1,Perak,PMP::A005::dmcm20247av & dmcm20247bv,Monitoring,05/29/2020 16:47:05,05/29/2020 16:52:04,,,0 days 0 hrs 0 mins ,,Site Total Down (Off-Operation Hours),Customer::Power Outage,Link up once power resumed,Shalini
244,211299,4,1,Perak,PMP::A015::dmcm20255av & dmcm20255bv,Monitoring,05/29/2020 1:21:38,05/29/2020 9:53:38,,,0 days 0 hrs 0 mins ,,Site Total Down (Off-Operation Hours),Customer::Power Outage,Link up once power resumed,Shalini
245,211441,4,1,Perak,PMP::A037::dmcm20039av & dmcm20039bv,Monitoring,05/29/2020 16:16:35,05/29/2020 16:19:35,,,0 days 0 hrs 0 mins ,,Site Total Down (Off-Operation Hours),Customer::Power Outage,Link up once power resumed,Shalini
246,211311,4,1,Pahang,PMP::W024::dmcm20124av & dmcm20124bv,Monitoring,05/29/2020 3:49:09,05/29/2020 7:55:08,,,0 days 0 hrs 0 mins ,,Site Total Down (Off-Operation Hours),Customer::Power Outage,Link up once power resumed,Shalini
247,211341,4,3,KL,PMP::W094:: dmcm20011bv,Monitoring,05/29/2020 8:48:00,5/29/2020 8:56:00,,,0 days 0 hrs 0 mins ,,BV Cellular Down (Celcom),NTS::WAN Wireless - Flapping,Link up via self restored.,Shalini
248,211774,4,1,Perak,PMP::A022::dmcm20259av & dmcm20259bv,Monitoring,05/30/2020 20:10:41,,,,0 days 0 hrs 0 mins ,,Site Total Down (Off-Operation Hours),<Open Ticket>,"Issue: Site total down & pending user to verify power status
Update: Site temporary closed between 18th march - 9th June 2020.",Shalini
249,211710,4,1,Johor,PMP::J007::dmcm20215av & dmcm20215bv,Monitoring,05/30/2020 15:09:09,,,,0 days 0 hrs 0 mins ,,Site Total Down (Off-Operation Hours),<Open Ticket>,"Issue: Site total down & pending user to verify power status
Update: Site temporary closed between 18th march - 9th June 2020.",Shalini
250,211562,4,1,N.Sembilan,PMP::N008::dmcm20069av & dmcm20069bv,Monitoring,05/30/2020 9:04:33,05/30/2020 9:15:33,,,0 days 0 hrs 0 mins ,,Site Total Down (Off-Operation Hours),Customer::Power Outage,Link up once power resumed. Ticket has been merged into #211549.,Shalini
251,211778,4,1,Perak,PMP::A010::dmcm20251av & dmcm20251bv,Monitoring,05/30/2020 21:08:19,05/30/2020 22:26:19,,,0 days 0 hrs 0 mins ,,Site Total Down (Off-Operation Hours),Customer::Power Outage,Link up once power resumed,Shalini
252,211601,4,1,Selangor,PMP::B026::dmcm20207av & dmcm20207bv,Monitoring,05/30/2020 12:03:11,05/30/2020 12:44:11,,,0 days 0 hrs 0 mins ,,Site Total Down (Off-Operation Hours),Customer::Power Outage,Link up once power resumed,Shalini
253,211549,4,1,N.Sembilan,PMP::N008::dmcm20069av & dmcm20069bv,Monitoring,05/30/2020 7:34:33,05/30/2020 8:47:33,,,0 days 0 hrs 0 mins ,,Site Total Down (Off-Operation Hours),Customer::Power Outage,Link up once power resumed,Shalini
254,211582,4,3,Perak,PMP::A022::dmcm20259av,Monitoring,05/30/2020 10:36:00,05/30/2020 13:53:00,,,0 days 0 hrs 0 mins ,,AV Cellular Down (Maxis),NTS::WAN Wireless - Flapping,AV Wireless link restored after Telco reset sim.,Shalini
255,211503,4,1,Selangor,PMP::B023::dmcm20055av & dmcm20055bv,Monitoring,05/30/2020 0:12:57,05/30/2020 0:14:07,,,0 days 0 hrs 0 mins ,,Site Total Down (Off-Operation Hours),NTS::WAN Wireless - Flapping,"Site is running on 3G-3G connection. AV wired down (Ticket #211401). 
AV Wireless link flapped due to store closed. Link is up via self restored.",Shalini
256,211521,4,1,Pahang,PMP::V022::dmcm20345av & dmcm20345bv,Monitoring,05/30/2020 3:07:13,05/30/2020 3:09:12,,,0 days 0 hrs 0 mins ,,Site Total Down (Off-Operation Hours),NTS::WAN Wireless - Flapping,"Site is running on 3G-3G connection. AV wired not yet installed. 
AV Wireless link flapped due to store closed. Link is up via self restored.",Shalini
257,211598,4,1,Pahang,PMP::V022::dmcm20345av & dmcm20345bv,Monitoring,05/30/2020 11:54:13,05/30/2020 11:55:13,,,0 days 0 hrs 0 mins ,,Site Total Down (Off-Operation Hours),NTS::WAN Wireless - Flapping,"Site is running on 3G-3G connection. AV wired not yet installed. 
AV Wireless link flapped due to store closed. Link is up via self restored.",Shalini
258,211963,4,1,Johor,PMP::J041::dmcm20241av & dmcm20241bv,Monitoring,05/31/2020 17:17:39,,,,0 days 0 hrs 0 mins ,,Site Total Down (Off-Operation Hours),<Open Ticket>,"Issue: Site total down & pending user to verify power status
Update: Site temporary closed between 18th march - 9th June 2020.",Shalini
259,211888,4,1,Selangor,PMP::B023::dmcm20055av & dmcm20055bv,Monitoring,05/31/2020 13:34:57,05/31/2020 13:35:57,,,0 days 0 hrs 0 mins ,,Site Total Down (Off-Operation Hours),NTS::WAN Wireless - Flapping,"Site is running on 3G-3G connection. AV wired down (Ticket #211401). 
AV Wireless link flapped due to store closed. Link is up via self restored.",Shalini
260,211958,4,1,Selangor,PMP::B023::dmcm20055av & dmcm20055bv,Monitoring,05/31/2020 17:02:57,05/31/2020 17:04:57,,,0 days 0 hrs 0 mins ,,Site Total Down (Off-Operation Hours),NTS::WAN Wireless - Flapping,"Site is running on 3G-3G connection. AV wired down (Ticket #211401). 
AV Wireless link flapped due to store closed. Link is up via self restored.",Shalini
261,211987,4,1,Selangor,PMP::B023::dmcm20055av & dmcm20055bv,Monitoring,05/31/2020 18:44:57,05/31/2020 18:45:57,,,0 days 0 hrs 0 mins ,,Site Total Down (Off-Operation Hours),NTS::WAN Wireless - Flapping,"Site is running on 3G-3G connection. AV wired down (Ticket #211401). 
AV Wireless link flapped due to store closed. Link is up via self restored.",Shalini
262,212022,4,1,Selangor,PMP::B023::dmcm20055av & dmcm20055bv,Monitoring,05/31/2020 21:47:57,05/31/2020 21:48:57,,,0 days 0 hrs 0 mins ,,Site Total Down (Off-Operation Hours),NTS::WAN Wireless - Flapping,"Site is running on 3G-3G connection. AV wired down (Ticket #211401). 
AV Wireless link flapped due to store closed. Link is up via self restored.",Shalini
